2026-05-15 00:01:01.821 [tomcat-handler-85375] [6a05f1bdb7ae1742b65c614e6aae55b8] TRACE org.hibernate.orm.jdbc.bind - binding parameter (1:BIGINT) <- [313243131275382784]
2026-05-15 00:01:01.821 [tomcat-handler-85375] [6a05f1bdb7ae1742b65c614e6aae55b8] TRACE org.hibernate.orm.jdbc.bind - binding parameter (2:BOOLEAN) <- [false]
2026-05-15 00:03:59.074 [tomcat-handler-85381] [6a05f26fc3e95bec332eb0ae7d48bb96] TRACE org.hibernate.orm.jdbc.bind - binding parameter (1:BIGINT) <- [313245218587545600]
2026-05-15 00:03:59.074 [tomcat-handler-85382] [6a05f26f175cfed4da28b6cc61baee95] TRACE org.hibernate.orm.jdbc.bind - binding parameter (1:BIGINT) <- [313245218587545600]
2026-05-15 00:03:59.074 [tomcat-handler-85383] [6a05f26f3bdb45cac6f0c4d7ff992382] TRACE org.hibernate.orm.jdbc.bind - binding parameter (1:BIGINT) <- [313245218587545600]
2026-05-15 00:03:59.080 [tomcat-handler-85383] [6a05f26f3bdb45cac6f0c4d7ff992382] TRACE org.hibernate.orm.jdbc.bind - binding parameter (1:BIGINT) <- [313245218587545600]
2026-05-15 00:03:59.081 [tomcat-handler-85381] [6a05f26fc3e95bec332eb0ae7d48bb96] TRACE org.hibernate.orm.jdbc.bind - binding parameter (1:BIGINT) <- [313245218587545600]
2026-05-15 00:03:59.081 [tomcat-handler-85381] [6a05f26fc3e95bec332eb0ae7d48bb96] TRACE org.hibernate.orm.jdbc.bind - binding parameter (2:BOOLEAN) <- [false]
2026-05-15 00:03:59.082 [tomcat-handler-85381] [6a05f26fc3e95bec332eb0ae7d48bb96] TRACE org.hibernate.orm.jdbc.bind - binding parameter (3:INTEGER) <- [1]
2026-05-15 00:03:59.082 [tomcat-handler-85381] [6a05f26fc3e95bec332eb0ae7d48bb96] TRACE org.hibernate.orm.jdbc.bind - binding parameter (4:INTEGER) <- [1]
2026-05-15 00:03:59.082 [tomcat-handler-85381] [6a05f26fc3e95bec332eb0ae7d48bb96] TRACE org.hibernate.orm.jdbc.bind - binding parameter (5:INTEGER) <- [0]
2026-05-15 00:03:59.082 [tomcat-handler-85381] [6a05f26fc3e95bec332eb0ae7d48bb96] TRACE org.hibernate.orm.jdbc.bind - binding parameter (6:INTEGER) <- [10]
2026-05-15 00:03:59.084 [tomcat-handler-85383] [6a05f26f3bdb45cac6f0c4d7ff992382] TRACE org.hibernate.orm.jdbc.bind - binding parameter (1:BIGINT) <- [313243131275382784]
2026-05-15 00:03:59.084 [tomcat-handler-85383] [6a05f26f3bdb45cac6f0c4d7ff992382] TRACE org.hibernate.orm.jdbc.bind - binding parameter (2:INTEGER) <- [0]
2026-05-15 00:03:59.084 [tomcat-handler-85383] [6a05f26f3bdb45cac6f0c4d7ff992382] TRACE org.hibernate.orm.jdbc.bind - binding parameter (3:INTEGER) <- [10]
2026-05-15 00:03:59.100 [tomcat-handler-85385] [6a05f26f8050703d54d81034e8780bcd] TRACE org.hibernate.orm.jdbc.bind - binding parameter (1:BIGINT) <- [313243131275382784]
2026-05-15 00:03:59.104 [tomcat-handler-85385] [6a05f26f8050703d54d81034e8780bcd] TRACE org.hibernate.orm.jdbc.bind - binding parameter (1:BIGINT) <- [313243131275382784]
2026-05-15 00:03:59.107 [tomcat-handler-85385] [6a05f26f8050703d54d81034e8780bcd] TRACE org.hibernate.orm.jdbc.bind - binding parameter (1:BOOLEAN) <- [false]
2026-05-15 00:03:59.107 [tomcat-handler-85385] [6a05f26f8050703d54d81034e8780bcd] TRACE org.hibernate.orm.jdbc.bind - binding parameter (2:BIGINT) <- [313245218587545600]
2026-05-15 00:03:59.107 [tomcat-handler-85385] [6a05f26f8050703d54d81034e8780bcd] TRACE org.hibernate.orm.jdbc.bind - binding parameter (3:BIGINT) <- [1001]
2026-05-15 00:03:59.107 [tomcat-handler-85385] [6a05f26f8050703d54d81034e8780bcd] TRACE org.hibernate.orm.jdbc.bind - binding parameter (4:INTEGER) <- [0]
2026-05-15 00:03:59.107 [tomcat-handler-85385] [6a05f26f8050703d54d81034e8780bcd] TRACE org.hibernate.orm.jdbc.bind - binding parameter (5:INTEGER) <- [10]
2026-05-15 00:05:44.721 [main] [] INFO  com.example.demo.Demo1Application - Starting Demo1Application using Java 21.0.2 with PID 27536 (D:\IdeaProjects\demo1\target\classes started by lenovoa in D:\IdeaProjects\demo1)
2026-05-15 00:05:44.725 [main] [] INFO  com.example.demo.Demo1Application - No active profile set, falling back to 1 default profile: "default"
2026-05-15 00:05:46.078 [main] [] INFO  o.s.d.r.c.RepositoryConfigurationDelegate - Multiple Spring Data modules found, entering strict repository configuration mode
2026-05-15 00:05:46.078 [main] [] INFO  o.s.d.r.c.RepositoryConfigurationDelegate - Bootstrapping Spring Data JPA repositories in DEFAULT mode.
2026-05-15 00:05:46.323 [main] [] INFO  o.s.d.r.c.RepositoryConfigurationDelegate - Finished Spring Data repository scanning in 233 ms. Found 12 JPA repository interfaces.
2026-05-15 00:05:46.343 [main] [] INFO  o.s.d.r.c.RepositoryConfigurationDelegate - Multiple Spring Data modules found, entering strict repository configuration mode
2026-05-15 00:05:46.346 [main] [] INFO  o.s.d.r.c.RepositoryConfigurationDelegate - Bootstrapping Spring Data Redis repositories in DEFAULT mode.
2026-05-15 00:05:46.371 [main] [] INFO  o.s.d.r.c.RepositoryConfigurationExtensionSupport - Spring Data Redis - Could not safely identify store assignment for repository candidate interface com.example.demo.repository.ChatMessageRepository; If you want this repository to be a Redis repository, consider annotating your entities with one of these annotations: org.springframework.data.redis.core.RedisHash (preferred), or consider extending one of the following types with your repository: org.springframework.data.keyvalue.repository.KeyValueRepository
2026-05-15 00:05:46.372 [main] [] INFO  o.s.d.r.c.RepositoryConfigurationExtensionSupport - Spring Data Redis - Could not safely identify store assignment for repository candidate interface com.example.demo.repository.FriendRelationRepository; If you want this repository to be a Redis repository, consider annotating your entities with one of these annotations: org.springframework.data.redis.core.RedisHash (preferred), or consider extending one of the following types with your repository: org.springframework.data.keyvalue.repository.KeyValueRepository
2026-05-15 00:05:46.372 [main] [] INFO  o.s.d.r.c.RepositoryConfigurationExtensionSupport - Spring Data Redis - Could not safely identify store assignment for repository candidate interface com.example.demo.repository.FriendRequestRepository; If you want this repository to be a Redis repository, consider annotating your entities with one of these annotations: org.springframework.data.redis.core.RedisHash (preferred), or consider extending one of the following types with your repository: org.springframework.data.keyvalue.repository.KeyValueRepository
2026-05-15 00:05:46.372 [main] [] INFO  o.s.d.r.c.RepositoryConfigurationExtensionSupport - Spring Data Redis - Could not safely identify store assignment for repository candidate interface com.example.demo.repository.PlanetMemberRepository; If you want this repository to be a Redis repository, consider annotating your entities with one of these annotations: org.springframework.data.redis.core.RedisHash (preferred), or consider extending one of the following types with your repository: org.springframework.data.keyvalue.repository.KeyValueRepository
2026-05-15 00:05:46.372 [main] [] INFO  o.s.d.r.c.RepositoryConfigurationExtensionSupport - Spring Data Redis - Could not safely identify store assignment for repository candidate interface com.example.demo.repository.PlanetRepository; If you want this repository to be a Redis repository, consider annotating your entities with one of these annotations: org.springframework.data.redis.core.RedisHash (preferred), or consider extending one of the following types with your repository: org.springframework.data.keyvalue.repository.KeyValueRepository
2026-05-15 00:05:46.372 [main] [] INFO  o.s.d.r.c.RepositoryConfigurationExtensionSupport - Spring Data Redis - Could not safely identify store assignment for repository candidate interface com.example.demo.repository.PostingsRepository; If you want this repository to be a Redis repository, consider annotating your entities with one of these annotations: org.springframework.data.redis.core.RedisHash (preferred), or consider extending one of the following types with your repository: org.springframework.data.keyvalue.repository.KeyValueRepository
2026-05-15 00:05:46.372 [main] [] INFO  o.s.d.r.c.RepositoryConfigurationExtensionSupport - Spring Data Redis - Could not safely identify store assignment for repository candidate interface com.example.demo.repository.PrimaryCommentRepository; If you want this repository to be a Redis repository, consider annotating your entities with one of these annotations: org.springframework.data.redis.core.RedisHash (preferred), or consider extending one of the following types with your repository: org.springframework.data.keyvalue.repository.KeyValueRepository
2026-05-15 00:05:46.372 [main] [] INFO  o.s.d.r.c.RepositoryConfigurationExtensionSupport - Spring Data Redis - Could not safely identify store assignment for repository candidate interface com.example.demo.repository.ReportRepository; If you want this repository to be a Redis repository, consider annotating your entities with one of these annotations: org.springframework.data.redis.core.RedisHash (preferred), or consider extending one of the following types with your repository: org.springframework.data.keyvalue.repository.KeyValueRepository
2026-05-15 00:05:46.372 [main] [] INFO  o.s.d.r.c.RepositoryConfigurationExtensionSupport - Spring Data Redis - Could not safely identify store assignment for repository candidate interface com.example.demo.repository.SecondaryCommentRepository; If you want this repository to be a Redis repository, consider annotating your entities with one of these annotations: org.springframework.data.redis.core.RedisHash (preferred), or consider extending one of the following types with your repository: org.springframework.data.keyvalue.repository.KeyValueRepository
2026-05-15 00:05:46.374 [main] [] INFO  o.s.d.r.c.RepositoryConfigurationExtensionSupport - Spring Data Redis - Could not safely identify store assignment for repository candidate interface com.example.demo.repository.TNotificationRepository; If you want this repository to be a Redis repository, consider annotating your entities with one of these annotations: org.springframework.data.redis.core.RedisHash (preferred), or consider extending one of the following types with your repository: org.springframework.data.keyvalue.repository.KeyValueRepository
2026-05-15 00:05:46.374 [main] [] INFO  o.s.d.r.c.RepositoryConfigurationExtensionSupport - Spring Data Redis - Could not safely identify store assignment for repository candidate interface com.example.demo.repository.UserLikeRepository; If you want this repository to be a Redis repository, consider annotating your entities with one of these annotations: org.springframework.data.redis.core.RedisHash (preferred), or consider extending one of the following types with your repository: org.springframework.data.keyvalue.repository.KeyValueRepository
2026-05-15 00:05:46.374 [main] [] INFO  o.s.d.r.c.RepositoryConfigurationExtensionSupport - Spring Data Redis - Could not safely identify store assignment for repository candidate interface com.example.demo.repository.UserRepository; If you want this repository to be a Redis repository, consider annotating your entities with one of these annotations: org.springframework.data.redis.core.RedisHash (preferred), or consider extending one of the following types with your repository: org.springframework.data.keyvalue.repository.KeyValueRepository
2026-05-15 00:05:46.374 [main] [] INFO  o.s.d.r.c.RepositoryConfigurationDelegate - Finished Spring Data repository scanning in 16 ms. Found 0 Redis repository interfaces.
2026-05-15 00:05:47.528 [main] [] INFO  o.s.b.w.e.tomcat.TomcatWebServer - Tomcat initialized with port 8080 (http)
2026-05-15 00:05:47.544 [main] [] INFO  o.a.coyote.http11.Http11NioProtocol - Initializing ProtocolHandler ["http-nio-8080"]
2026-05-15 00:05:47.631 [main] [] INFO  o.s.b.w.s.c.ServletWebServerApplicationContext - Root WebApplicationContext: initialization completed in 2854 ms
2026-05-15 00:05:49.146 [main] [] INFO  o.s.o.j.p.SpringPersistenceUnitInfo - No LoadTimeWeaver setup: ignoring JPA class transformer
2026-05-15 00:05:50.440 [main] [] INFO  o.s.o.j.LocalContainerEntityManagerFactoryBean - Initialized JPA EntityManagerFactory for persistence unit 'default'
2026-05-15 00:05:51.154 [main] [] INFO  o.s.d.j.r.query.QueryEnhancerFactory - Hibernate is in classpath; If applicable, HQL parser will be used.
2026-05-15 00:05:53.756 [main] [] INFO  c.e.d.s.I.SensitiveWordServiceImpl - 从 Redis 加载 2 个敏感词
2026-05-15 00:05:55.192 [main] [] WARN  i.m.c.i.b.cache.CaffeineCacheMetrics - The cache 'userByEmail' is not recording statistics. No meters except 'cache.size' will be registered. Call 'Caffeine#recordStats()' prior to building the cache for metrics to be recorded.
2026-05-15 00:05:55.193 [main] [] WARN  i.m.c.i.b.cache.CaffeineCacheMetrics - The cache 'likeCount' is not recording statistics. No meters except 'cache.size' will be registered. Call 'Caffeine#recordStats()' prior to building the cache for metrics to be recorded.
2026-05-15 00:05:55.193 [main] [] WARN  i.m.c.i.b.cache.CaffeineCacheMetrics - The cache 'userLiked' is not recording statistics. No meters except 'cache.size' will be registered. Call 'Caffeine#recordStats()' prior to building the cache for metrics to be recorded.
2026-05-15 00:05:55.193 [main] [] WARN  i.m.c.i.b.cache.CaffeineCacheMetrics - The cache 'postings' is not recording statistics. No meters except 'cache.size' will be registered. Call 'Caffeine#recordStats()' prior to building the cache for metrics to be recorded.
2026-05-15 00:05:55.193 [main] [] WARN  i.m.c.i.b.cache.CaffeineCacheMetrics - The cache 'myReports' is not recording statistics. No meters except 'cache.size' will be registered. Call 'Caffeine#recordStats()' prior to building the cache for metrics to be recorded.
2026-05-15 00:05:55.522 [main] [] INFO  o.s.b.a.e.web.EndpointLinksResolver - Exposing 5 endpoints beneath base path '/actuator'
2026-05-15 00:05:55.626 [main] [] INFO  o.a.coyote.http11.Http11NioProtocol - Starting ProtocolHandler ["http-nio-8080"]
2026-05-15 00:05:55.635 [main] [] INFO  o.s.b.w.e.tomcat.TomcatWebServer - Tomcat started on port 8080 (http) with context path '/'
2026-05-15 00:05:55.803 [main] [] INFO  com.example.demo.Demo1Application - Started Demo1Application in 11.858 seconds (process running for 12.492)
2026-05-15 00:05:55.940 [scheduling-1] [6a05f2e39ed8fdc3a9638897b9495221] WARN  c.e.demo.service.UserVectorService - User not found: 2039621206266257410
2026-05-15 00:05:56.033 [scheduling-1] [6a05f2e39ed8fdc3a9638897b9495221] INFO  c.e.demo.service.UserVectorService - Updated user vector in batch: userId=313243131275382784, appliedEvents=2
2026-05-15 00:05:56.942 [AsyncReporter{ZipkinRestTemplateSender{http://localhost:9411/api/v2/spans}}] [] WARN  z.r.i.AsyncReporter$BoundedAsyncReporter - Spans were dropped due to exceptions. All subsequent errors will be logged at FINE level.
2026-05-15 00:05:56.942 [AsyncReporter{ZipkinRestTemplateSender{http://localhost:9411/api/v2/spans}}] [] WARN  z.r.i.AsyncReporter$BoundedAsyncReporter - Dropped 5 spans due to ResourceAccessException(I/O error on POST request for "http://localhost:9411/api/v2/spans": null)
org.springframework.web.client.ResourceAccessException: I/O error on POST request for "http://localhost:9411/api/v2/spans": null
	at org.springframework.web.client.RestTemplate.createResourceAccessException(RestTemplate.java:925)
	at org.springframework.web.client.RestTemplate.doExecute(RestTemplate.java:905)
	at org.springframework.web.client.RestTemplate.execute(RestTemplate.java:840)
	at org.springframework.web.client.RestTemplate.exchange(RestTemplate.java:701)
	at org.springframework.boot.actuate.autoconfigure.tracing.zipkin.ZipkinRestTemplateSender.postSpans(ZipkinRestTemplateSender.java:50)
	at org.springframework.boot.actuate.autoconfigure.tracing.zipkin.HttpSender.postSpans(HttpSender.java:69)
	at org.springframework.boot.actuate.autoconfigure.tracing.zipkin.HttpSender.postSpans(HttpSender.java:41)
	at zipkin2.reporter.BaseHttpSender.send(BaseHttpSender.java:123)
	at zipkin2.reporter.internal.AsyncReporter$BoundedAsyncReporter.flush(AsyncReporter.java:266)
	at zipkin2.reporter.internal.AsyncReporter$Flusher.run(AsyncReporter.java:352)
	at java.base/java.lang.Thread.run(Thread.java:1583)
Caused by: java.net.ConnectException: null
	at java.net.http/jdk.internal.net.http.common.Utils.toConnectException(Utils.java:1028)
	at java.net.http/jdk.internal.net.http.PlainHttpConnection.connectAsync(PlainHttpConnection.java:227)
	at java.net.http/jdk.internal.net.http.PlainHttpConnection.checkRetryConnect(PlainHttpConnection.java:280)
	at java.net.http/jdk.internal.net.http.PlainHttpConnection.lambda$connectAsync$2(PlainHttpConnection.java:238)
	at java.base/java.util.concurrent.CompletableFuture.uniHandle(CompletableFuture.java:934)
	at java.base/java.util.concurrent.CompletableFuture$UniHandle.tryFire(CompletableFuture.java:911)
	at java.base/java.util.concurrent.CompletableFuture.postComplete(CompletableFuture.java:510)
	at java.base/java.util.concurrent.CompletableFuture$AsyncSupply.run(CompletableFuture.java:1773)
	at java.base/java.util.concurrent.ThreadPoolExecutor.runWorker(ThreadPoolExecutor.java:1144)
	at java.base/java.util.concurrent.ThreadPoolExecutor$Worker.run(ThreadPoolExecutor.java:642)
	... 1 common frames omitted
Caused by: java.nio.channels.ClosedChannelException: null
	at java.base/sun.nio.ch.SocketChannelImpl.ensureOpen(SocketChannelImpl.java:202)
	at java.base/sun.nio.ch.SocketChannelImpl.beginConnect(SocketChannelImpl.java:786)
	at java.base/sun.nio.ch.SocketChannelImpl.connect(SocketChannelImpl.java:874)
	at java.net.http/jdk.internal.net.http.PlainHttpConnection.lambda$connectAsync$1(PlainHttpConnection.java:210)
	at java.base/java.security.AccessController.doPrivileged(AccessController.java:571)
	at java.net.http/jdk.internal.net.http.PlainHttpConnection.connectAsync(PlainHttpConnection.java:212)
	... 9 common frames omitted
2026-05-15 00:05:57.088 [scheduling-1] [6a05f2e510c3927e19ce54d24f11cb2b] WARN  c.e.demo.service.UserVectorService - User not found: 2039621206266257410
2026-05-15 00:05:58.111 [scheduling-1] [6a05f2e66680ffcee7d6b3c701fd118e] WARN  c.e.demo.service.UserVectorService - User not found: 2039621206266257410
2026-05-15 00:05:59.131 [scheduling-1] [6a05f2e716bfb902e7052d8c420d2077] WARN  c.e.demo.service.UserVectorService - User not found: 2039621206266257410
2026-05-15 00:06:00.147 [scheduling-1] [6a05f2e80750c010e99b3277100494b6] WARN  c.e.demo.service.UserVectorService - User not found: 2039621206266257410
2026-05-15 00:06:01.168 [scheduling-1] [6a05f2e9551f7d2b60a1310b46e1c50e] WARN  c.e.demo.service.UserVectorService - User not found: 2039621206266257410
2026-05-15 00:06:01.901 [tomcat-handler-0] [] INFO  o.s.web.servlet.DispatcherServlet - Initializing Servlet 'dispatcherServlet'
2026-05-15 00:06:01.905 [tomcat-handler-0] [] INFO  o.s.web.servlet.DispatcherServlet - Completed initialization in 4 ms
2026-05-15 00:06:02.190 [scheduling-1] [6a05f2ea8f555c574f1ff6686d959601] WARN  c.e.demo.service.UserVectorService - User not found: 2039621206266257410
2026-05-15 00:06:03.208 [scheduling-1] [6a05f2eb4c153fe33430ac91e1ff7e20] WARN  c.e.demo.service.UserVectorService - User not found: 2039621206266257410
2026-05-15 00:06:04.226 [scheduling-1] [6a05f2eccb00d58219248131fe88650b] WARN  c.e.demo.service.UserVectorService - User not found: 2039621206266257410
2026-05-15 00:06:05.246 [scheduling-1] [6a05f2ed05e90e1fda5c25ab9a779c1e] WARN  c.e.demo.service.UserVectorService - User not found: 2039621206266257410
2026-05-15 00:06:06.262 [scheduling-1] [6a05f2ee2c49e40d11f19d2c7e9c7462] WARN  c.e.demo.service.UserVectorService - User not found: 2039621206266257410
2026-05-15 00:06:07.287 [scheduling-1] [6a05f2ef4aa7656609368bd76c23ca8c] WARN  c.e.demo.service.UserVectorService - User not found: 2039621206266257410
2026-05-15 00:06:08.306 [scheduling-1] [6a05f2f008dd2b2dbc4dcfeda400330a] WARN  c.e.demo.service.UserVectorService - User not found: 2039621206266257410
2026-05-15 00:06:09.326 [scheduling-1] [6a05f2f167669bb535038835c77e0325] WARN  c.e.demo.service.UserVectorService - User not found: 2039621206266257410
2026-05-15 00:06:10.342 [scheduling-1] [6a05f2f21a3193f0652dc4357746dbbc] WARN  c.e.demo.service.UserVectorService - User not found: 2039621206266257410
2026-05-15 00:06:11.355 [scheduling-1] [6a05f2f3f6c66c962491382f40899d47] WARN  c.e.demo.service.UserVectorService - User not found: 2039621206266257410
2026-05-15 00:06:12.370 [scheduling-1] [6a05f2f419987f8200577a17c7bfab79] WARN  c.e.demo.service.UserVectorService - User not found: 2039621206266257410
2026-05-15 00:06:13.384 [scheduling-1] [6a05f2f5067dceffd662913fba86ad9c] WARN  c.e.demo.service.UserVectorService - User not found: 2039621206266257410
2026-05-15 00:06:14.409 [scheduling-1] [6a05f2f693943aef9ba06860a2272cd7] WARN  c.e.demo.service.UserVectorService - User not found: 2039621206266257410
2026-05-15 00:06:15.428 [scheduling-1] [6a05f2f724bd0a9bd40c8e54eedb1672] WARN  c.e.demo.service.UserVectorService - User not found: 2039621206266257410
2026-05-15 00:06:16.445 [scheduling-1] [6a05f2f8ef9dad8d43318e371af1de80] WARN  c.e.demo.service.UserVectorService - User not found: 2039621206266257410
2026-05-15 00:06:17.464 [scheduling-1] [6a05f2f94609c5ecd4c5877275f06530] WARN  c.e.demo.service.UserVectorService - User not found: 2039621206266257410
2026-05-15 00:06:18.483 [scheduling-1] [6a05f2faa8b4373a85953f08df45c829] WARN  c.e.demo.service.UserVectorService - User not found: 2039621206266257410
2026-05-15 00:06:19.499 [scheduling-1] [6a05f2fbf6bc9ecf7d715360e2b6482f] WARN  c.e.demo.service.UserVectorService - User not found: 2039621206266257410
2026-05-15 00:06:20.516 [scheduling-1] [6a05f2fcfdecca09014f818308d08901] WARN  c.e.demo.service.UserVectorService - User not found: 2039621206266257410
2026-05-15 00:06:21.546 [scheduling-1] [6a05f2fdb6ab1ebb5daf747bdc9cb63b] WARN  c.e.demo.service.UserVectorService - User not found: 2039621206266257410
2026-05-15 00:06:22.561 [scheduling-1] [6a05f2fe4cf284b968b8bd523ebaabda] WARN  c.e.demo.service.UserVectorService - User not found: 2039621206266257410
2026-05-15 00:06:23.580 [scheduling-1] [6a05f2ff9139313b3196bdf5cc5b9740] WARN  c.e.demo.service.UserVectorService - User not found: 2039621206266257410
2026-05-15 00:06:24.598 [scheduling-1] [6a05f300efca903b7253bb3dac8747be] WARN  c.e.demo.service.UserVectorService - User not found: 2039621206266257410
2026-05-15 00:06:25.617 [scheduling-1] [6a05f301bb727ff2a9acd031cf9144db] WARN  c.e.demo.service.UserVectorService - User not found: 2039621206266257410
2026-05-15 00:06:26.643 [scheduling-1] [6a05f3020e476cb1093921164f97ec07] WARN  c.e.demo.service.UserVectorService - User not found: 2039621206266257410
2026-05-15 00:06:27.663 [scheduling-1] [6a05f303217d312af6f4917cca594f83] WARN  c.e.demo.service.UserVectorService - User not found: 2039621206266257410
2026-05-15 00:06:28.681 [scheduling-1] [6a05f304b14b8fffea4cfbec5c3dc3f7] WARN  c.e.demo.service.UserVectorService - User not found: 2039621206266257410
2026-05-15 00:06:29.698 [scheduling-1] [6a05f3050adcb51cd60d1b838a26fc58] WARN  c.e.demo.service.UserVectorService - User not found: 2039621206266257410
2026-05-15 00:06:30.714 [scheduling-1] [6a05f306aeecfa11aaa9569c8b0e5b3d] WARN  c.e.demo.service.UserVectorService - User not found: 2039621206266257410
2026-05-15 00:06:31.727 [scheduling-1] [6a05f307b3fd95df03f0236a80f5ed72] WARN  c.e.demo.service.UserVectorService - User not found: 2039621206266257410
2026-05-15 00:06:32.743 [scheduling-1] [6a05f308b2eed5e2cd9163b1f2e82109] WARN  c.e.demo.service.UserVectorService - User not found: 2039621206266257410
2026-05-15 00:06:33.771 [scheduling-1] [6a05f309e7917254a491ed4dae5d7a35] WARN  c.e.demo.service.UserVectorService - User not found: 2039621206266257410
2026-05-15 00:06:34.801 [scheduling-1] [6a05f30aec6004370fa48de905c9332b] WARN  c.e.demo.service.UserVectorService - User not found: 2039621206266257410
2026-05-15 00:06:35.818 [scheduling-1] [6a05f30b31e9ba1c915973b50b247f92] WARN  c.e.demo.service.UserVectorService - User not found: 2039621206266257410
2026-05-15 00:06:36.318 [tomcat-handler-4] [6a05f30c23d492cdc625c072f1b692de] INFO  c.example.demo.service.FriendService - [friend.pending] userId=313243131275382784, count=0, mappings=[]
2026-05-15 00:06:36.341 [tomcat-handler-3] [6a05f30ca82c37bde6b1812e6286ec64] INFO  c.example.demo.service.FriendService - [service:FriendService.listFriends] 执行完成, 耗时: 113ms
2026-05-15 00:06:36.831 [scheduling-1] [6a05f30c9328ab9f7254f13548114eff] WARN  c.e.demo.service.UserVectorService - User not found: 2039621206266257410
2026-05-15 00:06:37.846 [scheduling-1] [6a05f30daa7e329bddce1469a7d1ca9a] WARN  c.e.demo.service.UserVectorService - User not found: 2039621206266257410
2026-05-15 00:06:38.137 [tomcat-handler-7] [6a05f30efb790aa9c1be36c70f3edcaa] WARN  c.example.demo.service.PushService - [push.a] personalized timeout/fail userId=313243131275382784, fallback=random, reason=java.util.concurrent.CompletionException: cn.dev33.satoken.exception.NotWebContextException: 非 web 上下文无法获取 HttpServletRequest
2026-05-15 00:06:38.142 [tomcat-handler-7] [6a05f30efb790aa9c1be36c70f3edcaa] INFO  c.example.demo.service.PushService - cache insufficient, lazy refill: push:posts:daily
2026-05-15 00:06:38.173 [tomcat-handler-6] [6a05f30e040494adc6dca044f8c93415] WARN  o.s.d.w.c.SpringDataJacksonConfiguration$PageModule$WarningLoggingModifier - Serializing PageImpl instances as-is is not supported, meaning that there is no guarantee about the stability of the resulting JSON structure!
	For a stable JSON structure, please use Spring Data's PagedModel (globally via @EnableSpringDataWebSupport(pageSerializationMode = VIA_DTO))
	or Spring HATEOAS and Spring Data's PagedResourcesAssembler as documented in https://docs.spring.io/spring-data/commons/reference/repositories/core-extensions.html#core.web.pageables.

2026-05-15 00:06:38.191 [tomcat-handler-7] [6a05f30efb790aa9c1be36c70f3edcaa] INFO  c.example.demo.service.PushService - fill cache push:posts:daily: 5 ids, cost=41ms
2026-05-15 00:06:38.198 [tomcat-handler-7] [6a05f30efb790aa9c1be36c70f3edcaa] INFO  c.example.demo.service.PushService - cache insufficient, lazy refill: push:posts:weekly
2026-05-15 00:06:38.215 [tomcat-handler-7] [6a05f30efb790aa9c1be36c70f3edcaa] INFO  c.example.demo.service.PushService - fill cache push:posts:weekly: 5 ids, cost=15ms
2026-05-15 00:06:38.233 [tomcat-handler-7] [6a05f30efb790aa9c1be36c70f3edcaa] INFO  c.example.demo.service.PushService - [push.a] done userId=313243131275382784, total=96ms, resultSize=5
2026-05-15 00:06:38.233 [tomcat-handler-7] [6a05f30efb790aa9c1be36c70f3edcaa] INFO  c.example.demo.service.PushService - [service:PushService.pushForCurrentUser] 执行完成, 耗时: 129ms
2026-05-15 00:06:38.861 [scheduling-1] [6a05f30eb10e51db1cfdfb61d9bf36d1] WARN  c.e.demo.service.UserVectorService - User not found: 2039621206266257410
2026-05-15 00:06:39.886 [scheduling-1] [6a05f30f93d019d855732c737d1b1d3b] WARN  c.e.demo.service.UserVectorService - User not found: 2039621206266257410
2026-05-15 00:06:40.899 [scheduling-1] [6a05f3109fe452a2b2848d9c65c2ee78] WARN  c.e.demo.service.UserVectorService - User not found: 2039621206266257410
2026-05-15 00:06:41.916 [scheduling-1] [6a05f311ae65630c0d588640a26e64aa] WARN  c.e.demo.service.UserVectorService - User not found: 2039621206266257410
2026-05-15 00:06:42.935 [scheduling-1] [6a05f31201e55aa0fff36fb5083b46cb] WARN  c.e.demo.service.UserVectorService - User not found: 2039621206266257410
2026-05-15 00:06:43.948 [scheduling-1] [6a05f31309f24d810273e74632635fe0] WARN  c.e.demo.service.UserVectorService - User not found: 2039621206266257410
2026-05-15 00:06:44.963 [scheduling-1] [6a05f314a092e3421072224a8bb57cf3] WARN  c.e.demo.service.UserVectorService - User not found: 2039621206266257410
2026-05-15 00:06:44.975 [scheduling-1] [6a05f314a092e3421072224a8bb57cf3] INFO  c.e.demo.service.UserVectorService - Updated user vector in batch: userId=313243131275382784, appliedEvents=1
2026-05-15 00:06:45.999 [scheduling-1] [6a05f3155a2ed9743f2cf992d7d83657] WARN  c.e.demo.service.UserVectorService - User not found: 2039621206266257410
2026-05-15 00:06:47.016 [scheduling-1] [6a05f3170da60abe627a93c195758eb0] WARN  c.e.demo.service.UserVectorService - User not found: 2039621206266257410
2026-05-15 00:06:47.023 [scheduling-1] [6a05f3170da60abe627a93c195758eb0] INFO  c.e.demo.service.UserVectorService - Updated user vector in batch: userId=313243131275382784, appliedEvents=1
2026-05-15 00:06:48.057 [scheduling-1] [6a05f318c8189a3c50f6d4b8f061f0bd] WARN  c.e.demo.service.UserVectorService - User not found: 2039621206266257410
2026-05-15 00:06:48.071 [scheduling-1] [6a05f318c8189a3c50f6d4b8f061f0bd] INFO  c.e.demo.service.UserVectorService - Updated user vector in batch: userId=313243131275382784, appliedEvents=1
2026-05-15 00:06:49.099 [scheduling-1] [6a05f31997d10ca505c573b5866346ed] WARN  c.e.demo.service.UserVectorService - User not found: 2039621206266257410
2026-05-15 00:06:49.108 [scheduling-1] [6a05f31997d10ca505c573b5866346ed] INFO  c.e.demo.service.UserVectorService - Updated user vector in batch: userId=313243131275382784, appliedEvents=1
2026-05-15 00:06:50.129 [scheduling-1] [6a05f31a9417c2ac030d14bdd5b4b5ae] WARN  c.e.demo.service.UserVectorService - User not found: 2039621206266257410
2026-05-15 00:06:51.144 [scheduling-1] [6a05f31b30650ae5ec67cba935291435] WARN  c.e.demo.service.UserVectorService - User not found: 2039621206266257410
2026-05-15 00:06:52.156 [scheduling-1] [6a05f31c6a1d674bf1a1e4e84fabeaa0] WARN  c.e.demo.service.UserVectorService - User not found: 2039621206266257410
2026-05-15 00:06:53.174 [scheduling-1] [6a05f31dd0fdd074d15c828699714d43] WARN  c.e.demo.service.UserVectorService - User not found: 2039621206266257410
2026-05-15 00:06:54.192 [scheduling-1] [6a05f31e763ce08df5312e8e5d739408] WARN  c.e.demo.service.UserVectorService - User not found: 2039621206266257410
2026-05-15 00:06:55.208 [scheduling-1] [6a05f31f77aecee118990af06b701cbe] WARN  c.e.demo.service.UserVectorService - User not found: 2039621206266257410
2026-05-15 00:06:56.230 [scheduling-1] [6a05f320feea440d0828deecd783b3c7] WARN  c.e.demo.service.UserVectorService - User not found: 2039621206266257410
2026-05-15 00:06:57.248 [scheduling-1] [6a05f321a17c863f7ca9f73e3d26a97f] WARN  c.e.demo.service.UserVectorService - User not found: 2039621206266257410
2026-05-15 00:06:58.267 [scheduling-1] [6a05f32233bd1ff62b8c725fbca14262] WARN  c.e.demo.service.UserVectorService - User not found: 2039621206266257410
2026-05-15 00:06:59.284 [scheduling-1] [6a05f323a86a2f7a1876a513ddfdd39a] WARN  c.e.demo.service.UserVectorService - User not found: 2039621206266257410
2026-05-15 00:07:00.300 [scheduling-1] [6a05f3249464b9e991695f454697e78a] WARN  c.e.demo.service.UserVectorService - User not found: 2039621206266257410
2026-05-15 00:07:01.315 [scheduling-1] [6a05f325fea21f17e289bc1fa9b0ff7e] WARN  c.e.demo.service.UserVectorService - User not found: 2039621206266257410
2026-05-15 00:07:02.338 [scheduling-1] [6a05f326335c1300403f35847b6f8769] WARN  c.e.demo.service.UserVectorService - User not found: 2039621206266257410
2026-05-15 00:07:03.347 [scheduling-1] [6a05f327d0c1533df2926ae7744b8ba5] WARN  c.e.demo.service.UserVectorService - User not found: 2039621206266257410
2026-05-15 00:07:04.366 [scheduling-1] [6a05f328793e0131c43fe2f57dd7652e] WARN  c.e.demo.service.UserVectorService - User not found: 2039621206266257410
2026-05-15 00:07:05.386 [scheduling-1] [6a05f3296748f1e8797e6e23c22fa583] WARN  c.e.demo.service.UserVectorService - User not found: 2039621206266257410
2026-05-15 00:07:06.410 [scheduling-1] [6a05f32a2b8dd74f92e098b158749968] WARN  c.e.demo.service.UserVectorService - User not found: 2039621206266257410
2026-05-15 00:07:07.428 [scheduling-1] [6a05f32bbcfeb60cb5ce587240b0a9e9] WARN  c.e.demo.service.UserVectorService - User not found: 2039621206266257410
2026-05-15 00:07:08.453 [scheduling-1] [6a05f32cbb18ad902dc085eea70a2d50] WARN  c.e.demo.service.UserVectorService - User not found: 2039621206266257410
2026-05-15 00:07:09.466 [scheduling-1] [6a05f32d2bd385da237fc8ffd01c964d] WARN  c.e.demo.service.UserVectorService - User not found: 2039621206266257410
2026-05-15 00:07:10.475 [scheduling-1] [6a05f32e26ea0adeb17f02ea0105401b] WARN  c.e.demo.service.UserVectorService - User not found: 2039621206266257410
2026-05-15 00:07:11.483 [scheduling-1] [6a05f32f2ee35fc62a1e9d9a7c7f66b1] WARN  c.e.demo.service.UserVectorService - User not found: 2039621206266257410
2026-05-15 00:07:12.496 [scheduling-1] [6a05f3301e9fcc0b0e8ea83a0b829dad] WARN  c.e.demo.service.UserVectorService - User not found: 2039621206266257410
2026-05-15 00:07:13.505 [scheduling-1] [6a05f331181e3735b7ad483ff3e2826d] WARN  c.e.demo.service.UserVectorService - User not found: 2039621206266257410
2026-05-15 00:07:14.524 [scheduling-1] [6a05f33258401e861a9612ced7021eac] WARN  c.e.demo.service.UserVectorService - User not found: 2039621206266257410
2026-05-15 00:07:15.542 [scheduling-1] [6a05f333c67ff65cb8bd320b3aec4af8] WARN  c.e.demo.service.UserVectorService - User not found: 2039621206266257410
2026-05-15 00:07:16.561 [scheduling-1] [6a05f33466d5775efd1ebca517deda46] WARN  c.e.demo.service.UserVectorService - User not found: 2039621206266257410
2026-05-15 00:07:17.574 [scheduling-1] [6a05f335a7aa5b2ef83caff99fb3d7b5] WARN  c.e.demo.service.UserVectorService - User not found: 2039621206266257410
2026-05-15 00:07:18.589 [scheduling-1] [6a05f3363415aa874957922d719f7be6] WARN  c.e.demo.service.UserVectorService - User not found: 2039621206266257410
2026-05-15 00:07:19.606 [scheduling-1] [6a05f337602aaf55f355d26d7983f861] WARN  c.e.demo.service.UserVectorService - User not found: 2039621206266257410
2026-05-15 00:07:20.624 [scheduling-1] [6a05f338eefb7772e891984fd9ddd9c7] WARN  c.e.demo.service.UserVectorService - User not found: 2039621206266257410
2026-05-15 00:07:21.642 [scheduling-1] [6a05f339e15794b79745533134e15128] WARN  c.e.demo.service.UserVectorService - User not found: 2039621206266257410
2026-05-15 00:07:22.660 [scheduling-1] [6a05f33a3630b9baf1dd6fea029585ae] WARN  c.e.demo.service.UserVectorService - User not found: 2039621206266257410
2026-05-15 00:07:23.690 [scheduling-1] [6a05f33b41a3b2ebb5f80fe84e864754] WARN  c.e.demo.service.UserVectorService - User not found: 2039621206266257410
2026-05-15 00:07:24.703 [scheduling-1] [6a05f33c9a3bc184a3863a448a40e8d5] WARN  c.e.demo.service.UserVectorService - User not found: 2039621206266257410
2026-05-15 00:07:25.724 [scheduling-1] [6a05f33d8787815414bdab3c793d22f3] WARN  c.e.demo.service.UserVectorService - User not found: 2039621206266257410
2026-05-15 00:07:26.732 [scheduling-1] [6a05f33ef761fc07701902414f61238f] WARN  c.e.demo.service.UserVectorService - User not found: 2039621206266257410
2026-05-15 00:07:27.750 [scheduling-1] [6a05f33f88b091a0b10ef8a517559417] WARN  c.e.demo.service.UserVectorService - User not found: 2039621206266257410
2026-05-15 00:07:28.769 [scheduling-1] [6a05f34033b65d4766ec9ccaf097ed2c] WARN  c.e.demo.service.UserVectorService - User not found: 2039621206266257410
2026-05-15 00:07:29.776 [scheduling-1] [6a05f3414247b6e0e5b117a38c38ea95] WARN  c.e.demo.service.UserVectorService - User not found: 2039621206266257410
2026-05-15 00:07:30.797 [scheduling-1] [6a05f34256994b047731a40c42f8e819] WARN  c.e.demo.service.UserVectorService - User not found: 2039621206266257410
2026-05-15 00:07:31.830 [scheduling-1] [6a05f343797b60dacc9a2f1fa9160ef8] WARN  c.e.demo.service.UserVectorService - User not found: 2039621206266257410
2026-05-15 00:07:32.858 [scheduling-1] [6a05f3444e3a841aac9bdbf7cd282a72] WARN  c.e.demo.service.UserVectorService - User not found: 2039621206266257410
2026-05-15 00:07:33.869 [scheduling-1] [6a05f345b353002ecf91a1698c561364] WARN  c.e.demo.service.UserVectorService - User not found: 2039621206266257410
2026-05-15 00:07:34.885 [scheduling-1] [6a05f346f6de51c9163c54feb6a2243f] WARN  c.e.demo.service.UserVectorService - User not found: 2039621206266257410
2026-05-15 00:07:35.896 [scheduling-1] [6a05f347b95fb8c190f6e87af1253219] WARN  c.e.demo.service.UserVectorService - User not found: 2039621206266257410
2026-05-15 00:07:36.916 [scheduling-1] [6a05f3480a59d395020cd75be85c48d5] WARN  c.e.demo.service.UserVectorService - User not found: 2039621206266257410
2026-05-15 00:07:37.932 [scheduling-1] [6a05f34905cc9aef158e3aeccbbfcac4] WARN  c.e.demo.service.UserVectorService - User not found: 2039621206266257410
2026-05-15 00:07:38.942 [scheduling-1] [6a05f34ab6a3ca1d34c3ae3b814e457c] WARN  c.e.demo.service.UserVectorService - User not found: 2039621206266257410
2026-05-15 00:07:39.959 [scheduling-1] [6a05f34b15d5624c3e81610baec90c83] WARN  c.e.demo.service.UserVectorService - User not found: 2039621206266257410
2026-05-15 00:07:40.976 [scheduling-1] [6a05f34c14fc039d26fe9a56fbbe7449] WARN  c.e.demo.service.UserVectorService - User not found: 2039621206266257410
2026-05-15 00:07:41.988 [scheduling-1] [6a05f34d80b95bda6851587c35426719] WARN  c.e.demo.service.UserVectorService - User not found: 2039621206266257410
2026-05-15 00:07:43.008 [scheduling-1] [6a05f34fc80af630a739d97cc36b69b3] WARN  c.e.demo.service.UserVectorService - User not found: 2039621206266257410
2026-05-15 00:07:44.026 [scheduling-1] [6a05f35072343c98af36767c018bec40] WARN  c.e.demo.service.UserVectorService - User not found: 2039621206266257410
2026-05-15 00:07:45.032 [scheduling-1] [6a05f351b9422da7f2d316ae93a947a0] WARN  c.e.demo.service.UserVectorService - User not found: 2039621206266257410
2026-05-15 00:07:46.052 [scheduling-1] [6a05f35239d43010484d36b0f62cbc98] WARN  c.e.demo.service.UserVectorService - User not found: 2039621206266257410
2026-05-15 00:07:47.062 [scheduling-1] [6a05f3534d68ef42c430ec0ea5d424ac] WARN  c.e.demo.service.UserVectorService - User not found: 2039621206266257410
2026-05-15 00:07:47.848 [tomcat-handler-40] [6a05f33540b1c0ed6e2c6f92cd8d1901] INFO  c.e.demo.service.Impl.OssServiceImpl - [service:OssServiceImpl.uploadImage] 执行完成, 耗时: 29895ms
2026-05-15 00:07:48.084 [scheduling-1] [6a05f354e5e2c431b9546f026bfaeae4] WARN  c.e.demo.service.UserVectorService - User not found: 2039621206266257410
2026-05-15 00:07:49.092 [scheduling-1] [6a05f355beee368354fc268bb450d94b] WARN  c.e.demo.service.UserVectorService - User not found: 2039621206266257410
2026-05-15 00:07:50.100 [scheduling-1] [6a05f356d1df4ef12342a1b392efb751] WARN  c.e.demo.service.UserVectorService - User not found: 2039621206266257410
2026-05-15 00:07:51.111 [scheduling-1] [6a05f357e9350d78dbd7daa15676f510] WARN  c.e.demo.service.UserVectorService - User not found: 2039621206266257410
2026-05-15 00:07:52.126 [scheduling-1] [6a05f358b87e4239642154d5fc333291] WARN  c.e.demo.service.UserVectorService - User not found: 2039621206266257410
2026-05-15 00:07:53.137 [scheduling-1] [6a05f3597fbaa814a4ace78d931734ce] WARN  c.e.demo.service.UserVectorService - User not found: 2039621206266257410
2026-05-15 00:07:54.149 [scheduling-1] [6a05f35a93a488f5109e761e4de28258] WARN  c.e.demo.service.UserVectorService - User not found: 2039621206266257410
2026-05-15 00:07:55.172 [scheduling-1] [6a05f35b2d939be1d96c583d5bf50f63] WARN  c.e.demo.service.UserVectorService - User not found: 2039621206266257410
2026-05-15 00:07:56.200 [scheduling-1] [6a05f35c17216437bf447338a4b07dac] WARN  c.e.demo.service.UserVectorService - User not found: 2039621206266257410
2026-05-15 00:07:57.210 [scheduling-1] [6a05f35de475cd34ac7a98367eed2bf6] WARN  c.e.demo.service.UserVectorService - User not found: 2039621206266257410
2026-05-15 00:07:58.222 [scheduling-1] [6a05f35e913fdf9ee53c16e434dce8b2] WARN  c.e.demo.service.UserVectorService - User not found: 2039621206266257410
2026-05-15 00:07:59.240 [scheduling-1] [6a05f35f05418d62649c16eaad266c19] WARN  c.e.demo.service.UserVectorService - User not found: 2039621206266257410
2026-05-15 00:08:00.250 [scheduling-1] [6a05f36070bf99c449e8c68fbf8ea28e] WARN  c.e.demo.service.UserVectorService - User not found: 2039621206266257410
2026-05-15 00:08:01.264 [scheduling-1] [6a05f361162c706d0d03ff5903efdd17] WARN  c.e.demo.service.UserVectorService - User not found: 2039621206266257410
2026-05-15 00:08:02.278 [scheduling-1] [6a05f3620aae9d82b1ceb8bb9a40c858] WARN  c.e.demo.service.UserVectorService - User not found: 2039621206266257410
2026-05-15 00:08:03.288 [scheduling-1] [6a05f363db359dc6b0ebe0219fd4d8c2] WARN  c.e.demo.service.UserVectorService - User not found: 2039621206266257410
2026-05-15 00:08:04.297 [scheduling-1] [6a05f36405ede2348ab88aac10987c13] WARN  c.e.demo.service.UserVectorService - User not found: 2039621206266257410
2026-05-15 00:08:05.307 [scheduling-1] [6a05f3656d63054480c3a35894996aed] WARN  c.e.demo.service.UserVectorService - User not found: 2039621206266257410
2026-05-15 00:08:06.317 [scheduling-1] [6a05f366a7d1682ef3c2a54af9148b08] WARN  c.e.demo.service.UserVectorService - User not found: 2039621206266257410
2026-05-15 00:08:07.328 [scheduling-1] [6a05f3670a9cdd0b00781751126d3c8b] WARN  c.e.demo.service.UserVectorService - User not found: 2039621206266257410
2026-05-15 00:08:08.344 [scheduling-1] [6a05f368bfb0a63b0ab051abb1be2f86] WARN  c.e.demo.service.UserVectorService - User not found: 2039621206266257410
2026-05-15 00:08:09.357 [scheduling-1] [6a05f36921548c258bcd7abb4e89e871] WARN  c.e.demo.service.UserVectorService - User not found: 2039621206266257410
2026-05-15 00:08:10.372 [scheduling-1] [6a05f36adc4a6d7994a866340ad355ee] WARN  c.e.demo.service.UserVectorService - User not found: 2039621206266257410
2026-05-15 00:08:11.385 [scheduling-1] [6a05f36beebe780710e07e4db8f8a7fc] WARN  c.e.demo.service.UserVectorService - User not found: 2039621206266257410
2026-05-15 00:08:12.394 [scheduling-1] [6a05f36ce930b30755d9fce5dc9a96bd] WARN  c.e.demo.service.UserVectorService - User not found: 2039621206266257410
2026-05-15 00:08:13.402 [scheduling-1] [6a05f36d71e5cdebbc138341b90e78ad] WARN  c.e.demo.service.UserVectorService - User not found: 2039621206266257410
2026-05-15 00:08:14.420 [scheduling-1] [6a05f36ea9fa8787e186d1d68ed430b1] WARN  c.e.demo.service.UserVectorService - User not found: 2039621206266257410
2026-05-15 00:08:15.431 [scheduling-1] [6a05f36f029310101d3b014dfeea35c1] WARN  c.e.demo.service.UserVectorService - User not found: 2039621206266257410
2026-05-15 00:08:16.441 [scheduling-1] [6a05f370e0c576022d36e9a17445016f] WARN  c.e.demo.service.UserVectorService - User not found: 2039621206266257410
2026-05-15 00:08:17.460 [scheduling-1] [6a05f3710fc28c5dd556e53e6462ffd9] WARN  c.e.demo.service.UserVectorService - User not found: 2039621206266257410
2026-05-15 00:08:18.483 [scheduling-1] [6a05f372eedef172333d955ddd849a00] WARN  c.e.demo.service.UserVectorService - User not found: 2039621206266257410
2026-05-15 00:08:19.496 [scheduling-1] [6a05f373e612bd8d19af09efaa945994] WARN  c.e.demo.service.UserVectorService - User not found: 2039621206266257410
2026-05-15 00:08:20.503 [scheduling-1] [6a05f374e1de4dad06268eec4151fedf] WARN  c.e.demo.service.UserVectorService - User not found: 2039621206266257410
2026-05-15 00:08:21.513 [scheduling-1] [6a05f37553a8a012eb375a33a7c12d74] WARN  c.e.demo.service.UserVectorService - User not found: 2039621206266257410
2026-05-15 00:08:22.525 [scheduling-1] [6a05f37680a48f6f856d0cb3ef2571de] WARN  c.e.demo.service.UserVectorService - User not found: 2039621206266257410
2026-05-15 00:08:23.534 [scheduling-1] [6a05f37726362d16f443f0e136a17bba] WARN  c.e.demo.service.UserVectorService - User not found: 2039621206266257410
2026-05-15 00:08:24.543 [scheduling-1] [6a05f378fd5b7ba100a9be00ae39249d] WARN  c.e.demo.service.UserVectorService - User not found: 2039621206266257410
2026-05-15 00:08:25.553 [scheduling-1] [6a05f3795fd298c8c99720f4170e970d] WARN  c.e.demo.service.UserVectorService - User not found: 2039621206266257410
2026-05-15 00:08:26.563 [scheduling-1] [6a05f37a06a021614225a30b205ae6f6] WARN  c.e.demo.service.UserVectorService - User not found: 2039621206266257410
2026-05-15 00:08:27.575 [scheduling-1] [6a05f37be673ffe5a262a068fdb97958] WARN  c.e.demo.service.UserVectorService - User not found: 2039621206266257410
2026-05-15 00:08:28.583 [scheduling-1] [6a05f37ccf67616e1d6503c47d291bc8] WARN  c.e.demo.service.UserVectorService - User not found: 2039621206266257410
2026-05-15 00:08:29.593 [scheduling-1] [6a05f37dece21778357798b7821cec9c] WARN  c.e.demo.service.UserVectorService - User not found: 2039621206266257410
2026-05-15 00:08:30.601 [scheduling-1] [6a05f37e7437a7e31978a14062df228b] WARN  c.e.demo.service.UserVectorService - User not found: 2039621206266257410
2026-05-15 00:08:31.612 [scheduling-1] [6a05f37f58a059d8283c959c9a6ab3ef] WARN  c.e.demo.service.UserVectorService - User not found: 2039621206266257410
2026-05-15 00:08:32.630 [scheduling-1] [6a05f38055660c6123cbbe1535acce85] WARN  c.e.demo.service.UserVectorService - User not found: 2039621206266257410
2026-05-15 00:08:33.650 [scheduling-1] [6a05f381067bba6fc328a89a1b00c5d2] WARN  c.e.demo.service.UserVectorService - User not found: 2039621206266257410
2026-05-15 00:08:34.659 [scheduling-1] [6a05f3827bf34180d1e733fb12a70129] WARN  c.e.demo.service.UserVectorService - User not found: 2039621206266257410
2026-05-15 00:08:35.667 [scheduling-1] [6a05f383f95b990d91df0f84e7bcbb96] WARN  c.e.demo.service.UserVectorService - User not found: 2039621206266257410
2026-05-15 00:08:36.679 [scheduling-1] [6a05f384ba5f9e5b1b7a3b368faec2e0] WARN  c.e.demo.service.UserVectorService - User not found: 2039621206266257410
2026-05-15 00:08:37.689 [scheduling-1] [6a05f3859a15467c6d34a71886933a32] WARN  c.e.demo.service.UserVectorService - User not found: 2039621206266257410
2026-05-15 00:08:38.698 [scheduling-1] [6a05f3860c721fe3f8309958a20c642a] WARN  c.e.demo.service.UserVectorService - User not found: 2039621206266257410
2026-05-15 00:08:39.716 [scheduling-1] [6a05f387da83454c0b3c248c59672652] WARN  c.e.demo.service.UserVectorService - User not found: 2039621206266257410
2026-05-15 00:08:40.726 [scheduling-1] [6a05f388374a2f4b1c9e0d3fbad696ad] WARN  c.e.demo.service.UserVectorService - User not found: 2039621206266257410
2026-05-15 00:08:41.733 [scheduling-1] [6a05f3897a3d39b457f06baf3c37694a] WARN  c.e.demo.service.UserVectorService - User not found: 2039621206266257410
2026-05-15 00:08:42.746 [scheduling-1] [6a05f38afe48f037abeb99636a934c6f] WARN  c.e.demo.service.UserVectorService - User not found: 2039621206266257410
2026-05-15 00:08:43.755 [scheduling-1] [6a05f38b5b8bce1b9a00d95ac2a89e55] WARN  c.e.demo.service.UserVectorService - User not found: 2039621206266257410
2026-05-15 00:08:44.765 [scheduling-1] [6a05f38ccf67697ae23d1e9a76d9e9ab] WARN  c.e.demo.service.UserVectorService - User not found: 2039621206266257410
2026-05-15 00:08:45.775 [scheduling-1] [6a05f38de1ec3dc8f7a1d1d82f82f7bf] WARN  c.e.demo.service.UserVectorService - User not found: 2039621206266257410
2026-05-15 00:08:46.785 [scheduling-1] [6a05f38ec66a483c3d94b2d4b10bc5a9] WARN  c.e.demo.service.UserVectorService - User not found: 2039621206266257410
2026-05-15 00:08:47.795 [scheduling-1] [6a05f38f89638ca052f08efbc1ddee12] WARN  c.e.demo.service.UserVectorService - User not found: 2039621206266257410
2026-05-15 00:08:48.803 [scheduling-1] [6a05f39046f7dc5923d09e4978feb398] WARN  c.e.demo.service.UserVectorService - User not found: 2039621206266257410
2026-05-15 00:08:49.815 [scheduling-1] [6a05f391d329f092e5f3e3a9644ebc1f] WARN  c.e.demo.service.UserVectorService - User not found: 2039621206266257410
2026-05-15 00:08:50.831 [scheduling-1] [6a05f392d8d8f62a1a7ec664ea1f0fb0] WARN  c.e.demo.service.UserVectorService - User not found: 2039621206266257410
2026-05-15 00:08:51.843 [scheduling-1] [6a05f393cd85643d6966bddbbcbd8341] WARN  c.e.demo.service.UserVectorService - User not found: 2039621206266257410
2026-05-15 00:08:52.852 [scheduling-1] [6a05f394f676b75a9f14a6a99570c181] WARN  c.e.demo.service.UserVectorService - User not found: 2039621206266257410
2026-05-15 00:08:53.862 [scheduling-1] [6a05f395b66923e630a5a3fda05559ac] WARN  c.e.demo.service.UserVectorService - User not found: 2039621206266257410
2026-05-15 00:08:54.871 [scheduling-1] [6a05f396d97c15fde387c37275e64686] WARN  c.e.demo.service.UserVectorService - User not found: 2039621206266257410
2026-05-15 00:08:55.880 [scheduling-1] [6a05f397fd2357a154a35452f3cf9362] WARN  c.e.demo.service.UserVectorService - User not found: 2039621206266257410
2026-05-15 00:08:56.893 [scheduling-1] [6a05f398f71347192d0edfe5c15dc9f9] WARN  c.e.demo.service.UserVectorService - User not found: 2039621206266257410
2026-05-15 00:08:57.902 [scheduling-1] [6a05f399100e0b3902d2b1d70a45f331] WARN  c.e.demo.service.UserVectorService - User not found: 2039621206266257410
2026-05-15 00:08:58.912 [scheduling-1] [6a05f39a4e974dfa0ccf52a4d2ec1e76] WARN  c.e.demo.service.UserVectorService - User not found: 2039621206266257410
2026-05-15 00:08:59.921 [scheduling-1] [6a05f39b87b9b220143ee81436945217] WARN  c.e.demo.service.UserVectorService - User not found: 2039621206266257410
2026-05-15 00:09:00.930 [scheduling-1] [6a05f39ce138068009acd8ce3b604e7f] WARN  c.e.demo.service.UserVectorService - User not found: 2039621206266257410
2026-05-15 00:09:01.942 [scheduling-1] [6a05f39d20496111d42b10a39a8289f8] WARN  c.e.demo.service.UserVectorService - User not found: 2039621206266257410
2026-05-15 00:09:02.956 [scheduling-1] [6a05f39ee2c24401d0632126dcb8b360] WARN  c.e.demo.service.UserVectorService - User not found: 2039621206266257410
2026-05-15 00:09:03.974 [scheduling-1] [6a05f39ffcf9d5df799a5c07f2611a93] WARN  c.e.demo.service.UserVectorService - User not found: 2039621206266257410
2026-05-15 00:09:04.995 [scheduling-1] [6a05f3a092b04d661d3e1b3e2131d870] WARN  c.e.demo.service.UserVectorService - User not found: 2039621206266257410
2026-05-15 00:09:06.015 [scheduling-1] [6a05f3a2b8da2d3f88aae4e27a4674e1] WARN  c.e.demo.service.UserVectorService - User not found: 2039621206266257410
2026-05-15 00:09:07.022 [scheduling-1] [6a05f3a330051f12fa07052e92ffe49e] WARN  c.e.demo.service.UserVectorService - User not found: 2039621206266257410
2026-05-15 00:09:08.033 [scheduling-1] [6a05f3a469d300f548824e6c47f8dc6c] WARN  c.e.demo.service.UserVectorService - User not found: 2039621206266257410
2026-05-15 00:09:09.051 [scheduling-1] [6a05f3a593d90ef6860f392b5bf73485] WARN  c.e.demo.service.UserVectorService - User not found: 2039621206266257410
2026-05-15 00:09:10.067 [scheduling-1] [6a05f3a6bbf53f8da2eba47574dabb91] WARN  c.e.demo.service.UserVectorService - User not found: 2039621206266257410
2026-05-15 00:09:11.080 [scheduling-1] [6a05f3a7f87aa213f227c72a66ad701c] WARN  c.e.demo.service.UserVectorService - User not found: 2039621206266257410
2026-05-15 00:09:12.090 [scheduling-1] [6a05f3a802b8eff3490fabb6992fac1f] WARN  c.e.demo.service.UserVectorService - User not found: 2039621206266257410
2026-05-15 00:09:13.103 [scheduling-1] [6a05f3a92da52f5cbfe5258bfcfb2450] WARN  c.e.demo.service.UserVectorService - User not found: 2039621206266257410
2026-05-15 00:09:14.109 [scheduling-1] [6a05f3aa7956ee236e5df7ebdd9ab2f2] WARN  c.e.demo.service.UserVectorService - User not found: 2039621206266257410
2026-05-15 00:09:15.119 [scheduling-1] [6a05f3ab9227f3598d64445968f6754c] WARN  c.e.demo.service.UserVectorService - User not found: 2039621206266257410
2026-05-15 00:09:16.134 [scheduling-1] [6a05f3ac25894e02655fb50f80c56ea0] WARN  c.e.demo.service.UserVectorService - User not found: 2039621206266257410
2026-05-15 00:09:17.149 [scheduling-1] [6a05f3adc0403066d88f94a5b005664d] WARN  c.e.demo.service.UserVectorService - User not found: 2039621206266257410
2026-05-15 00:09:18.157 [scheduling-1] [6a05f3ae2c89b56174e4012ac8143e69] WARN  c.e.demo.service.UserVectorService - User not found: 2039621206266257410
2026-05-15 00:09:19.165 [scheduling-1] [6a05f3af477299aa4d652c91da95feb6] WARN  c.e.demo.service.UserVectorService - User not found: 2039621206266257410
2026-05-15 00:09:20.183 [scheduling-1] [6a05f3b0850157dc6905f30ac6737524] WARN  c.e.demo.service.UserVectorService - User not found: 2039621206266257410
2026-05-15 00:09:21.194 [scheduling-1] [6a05f3b1a30192b9888ea5905172e637] WARN  c.e.demo.service.UserVectorService - User not found: 2039621206266257410
2026-05-15 00:09:22.207 [scheduling-1] [6a05f3b2b120ae5b2b663203f9b7c904] WARN  c.e.demo.service.UserVectorService - User not found: 2039621206266257410
2026-05-15 00:09:23.223 [scheduling-1] [6a05f3b3b4d7ac8ca6495b2d74dacbde] WARN  c.e.demo.service.UserVectorService - User not found: 2039621206266257410
2026-05-15 00:09:24.234 [scheduling-1] [6a05f3b40b1ad69c9b743bf507dfd444] WARN  c.e.demo.service.UserVectorService - User not found: 2039621206266257410
2026-05-15 00:09:25.243 [scheduling-1] [6a05f3b5a001a5f4d54fd01dd738bfb9] WARN  c.e.demo.service.UserVectorService - User not found: 2039621206266257410
2026-05-15 00:09:26.258 [scheduling-1] [6a05f3b614cf9ea1bab709d254c3b034] WARN  c.e.demo.service.UserVectorService - User not found: 2039621206266257410
2026-05-15 00:09:27.270 [scheduling-1] [6a05f3b7516166ea2afd16e981a6e42d] WARN  c.e.demo.service.UserVectorService - User not found: 2039621206266257410
2026-05-15 00:09:28.283 [scheduling-1] [6a05f3b8aab69e8a20d83509a2ec5dd7] WARN  c.e.demo.service.UserVectorService - User not found: 2039621206266257410
2026-05-15 00:09:29.292 [scheduling-1] [6a05f3b9b918fb39c98ed15615be7fb2] WARN  c.e.demo.service.UserVectorService - User not found: 2039621206266257410
2026-05-15 00:09:30.307 [scheduling-1] [6a05f3ba7bce1ad856e52a4c9c6b62a1] WARN  c.e.demo.service.UserVectorService - User not found: 2039621206266257410
2026-05-15 00:09:31.320 [scheduling-1] [6a05f3bb27c29ff5045eaa615c977ed7] WARN  c.e.demo.service.UserVectorService - User not found: 2039621206266257410
2026-05-15 00:09:32.328 [scheduling-1] [6a05f3bce127a46ab82fa06a7f218444] WARN  c.e.demo.service.UserVectorService - User not found: 2039621206266257410
2026-05-15 00:09:33.344 [scheduling-1] [6a05f3bd24f1260cf0abe6ceea295efa] WARN  c.e.demo.service.UserVectorService - User not found: 2039621206266257410
2026-05-15 00:09:34.356 [scheduling-1] [6a05f3be9c523fdfbf2f295a56c9eba8] WARN  c.e.demo.service.UserVectorService - User not found: 2039621206266257410
2026-05-15 00:09:35.367 [scheduling-1] [6a05f3bfd723e80c4d3268869cd1b704] WARN  c.e.demo.service.UserVectorService - User not found: 2039621206266257410
2026-05-15 00:09:36.380 [scheduling-1] [6a05f3c04503e55d5a74cefe3e7d6cc9] WARN  c.e.demo.service.UserVectorService - User not found: 2039621206266257410
2026-05-15 00:09:37.393 [scheduling-1] [6a05f3c12979c5177af26cb3c31f017c] WARN  c.e.demo.service.UserVectorService - User not found: 2039621206266257410
2026-05-15 00:09:38.404 [scheduling-1] [6a05f3c22d2cc60f0fc02a12aef1048f] WARN  c.e.demo.service.UserVectorService - User not found: 2039621206266257410
2026-05-15 00:09:39.411 [scheduling-1] [6a05f3c3b6d4f6556aeb7bfbb8610a3f] WARN  c.e.demo.service.UserVectorService - User not found: 2039621206266257410
2026-05-15 00:09:40.425 [scheduling-1] [6a05f3c4c1181de470f9111005e75ffe] WARN  c.e.demo.service.UserVectorService - User not found: 2039621206266257410
2026-05-15 00:09:41.435 [scheduling-1] [6a05f3c57bbb55dc69ad6e4968d6ea49] WARN  c.e.demo.service.UserVectorService - User not found: 2039621206266257410
2026-05-15 00:09:42.439 [scheduling-1] [6a05f3c6dc9ce3fedc020391774d4c30] WARN  c.e.demo.service.UserVectorService - User not found: 2039621206266257410
2026-05-15 00:09:43.446 [scheduling-1] [6a05f3c7767ee8be24c2e89a6127ce55] WARN  c.e.demo.service.UserVectorService - User not found: 2039621206266257410
2026-05-15 00:09:44.455 [scheduling-1] [6a05f3c80d473c38a6a33bddfd87b08a] WARN  c.e.demo.service.UserVectorService - User not found: 2039621206266257410
2026-05-15 00:09:45.465 [scheduling-1] [6a05f3c921afa461224d1833f052c674] WARN  c.e.demo.service.UserVectorService - User not found: 2039621206266257410
2026-05-15 00:09:46.477 [scheduling-1] [6a05f3ca6ef808646dfd82a83f5f3ac3] WARN  c.e.demo.service.UserVectorService - User not found: 2039621206266257410
2026-05-15 00:09:47.485 [scheduling-1] [6a05f3cba6cda3e8b532dbaf2a516623] WARN  c.e.demo.service.UserVectorService - User not found: 2039621206266257410
2026-05-15 00:09:48.495 [scheduling-1] [6a05f3cc70e31cb94cb791204cb686b5] WARN  c.e.demo.service.UserVectorService - User not found: 2039621206266257410
2026-05-15 00:09:49.518 [scheduling-1] [6a05f3cd03b94f00f52ddc99014e347d] WARN  c.e.demo.service.UserVectorService - User not found: 2039621206266257410
2026-05-15 00:09:50.537 [scheduling-1] [6a05f3ce08ea10469d44add73bb7ec4a] WARN  c.e.demo.service.UserVectorService - User not found: 2039621206266257410
2026-05-15 00:09:51.550 [scheduling-1] [6a05f3cf192809e990b2b63f1358d0c6] WARN  c.e.demo.service.UserVectorService - User not found: 2039621206266257410
2026-05-15 00:09:52.564 [scheduling-1] [6a05f3d0ad951402e819668db56fc298] WARN  c.e.demo.service.UserVectorService - User not found: 2039621206266257410
2026-05-15 00:09:53.577 [scheduling-1] [6a05f3d1f4d8c1801686dbfd650a72c4] WARN  c.e.demo.service.UserVectorService - User not found: 2039621206266257410
2026-05-15 00:09:54.588 [scheduling-1] [6a05f3d28d89e2a0ff6d83c3aeb3b8f4] WARN  c.e.demo.service.UserVectorService - User not found: 2039621206266257410
2026-05-15 00:09:55.598 [scheduling-1] [6a05f3d320368417eae7a140e257fe1e] WARN  c.e.demo.service.UserVectorService - User not found: 2039621206266257410
2026-05-15 00:09:56.606 [scheduling-1] [6a05f3d489a9e41e877c95b66aef5965] WARN  c.e.demo.service.UserVectorService - User not found: 2039621206266257410
2026-05-15 00:09:57.617 [scheduling-1] [6a05f3d5f3a879333540e1a2cf915251] WARN  c.e.demo.service.UserVectorService - User not found: 2039621206266257410
2026-05-15 00:09:58.628 [scheduling-1] [6a05f3d6ddb68c47bba5cc7f40372b2d] WARN  c.e.demo.service.UserVectorService - User not found: 2039621206266257410
2026-05-15 00:09:59.636 [scheduling-1] [6a05f3d7d22054b68b7fc12c079b4d7c] WARN  c.e.demo.service.UserVectorService - User not found: 2039621206266257410
2026-05-15 00:10:00.656 [scheduling-1] [6a05f3d87e25ea679e434f4e74cc48a7] WARN  c.e.demo.service.UserVectorService - User not found: 2039621206266257410
2026-05-15 00:10:01.665 [scheduling-1] [6a05f3d9bc0744a29df471c415365fb5] WARN  c.e.demo.service.UserVectorService - User not found: 2039621206266257410
2026-05-15 00:10:02.681 [scheduling-1] [6a05f3dac15d13fda74ba1f1047b4e15] WARN  c.e.demo.service.UserVectorService - User not found: 2039621206266257410
2026-05-15 00:10:03.690 [scheduling-1] [6a05f3db68731c47109024aeab814ad1] WARN  c.e.demo.service.UserVectorService - User not found: 2039621206266257410
2026-05-15 00:10:04.703 [scheduling-1] [6a05f3dc7ffe3473dffd7edadc02f242] WARN  c.e.demo.service.UserVectorService - User not found: 2039621206266257410
2026-05-15 00:10:05.713 [scheduling-1] [6a05f3ddbe31a21ef6aea72968109a34] WARN  c.e.demo.service.UserVectorService - User not found: 2039621206266257410
2026-05-15 00:10:06.722 [scheduling-1] [6a05f3de0e65c1d20146937fc951093e] WARN  c.e.demo.service.UserVectorService - User not found: 2039621206266257410
2026-05-15 00:10:07.738 [scheduling-1] [6a05f3df37b6d2b3e42cc5256de6bbc5] WARN  c.e.demo.service.UserVectorService - User not found: 2039621206266257410
2026-05-15 00:10:08.749 [scheduling-1] [6a05f3e03390a6890ba3ed4e40135f91] WARN  c.e.demo.service.UserVectorService - User not found: 2039621206266257410
2026-05-15 00:10:09.762 [scheduling-1] [6a05f3e17a7d45fab3d0afaed180f797] WARN  c.e.demo.service.UserVectorService - User not found: 2039621206266257410
2026-05-15 00:10:10.770 [scheduling-1] [6a05f3e209db726435f3df39b265d823] WARN  c.e.demo.service.UserVectorService - User not found: 2039621206266257410
2026-05-15 00:10:11.780 [scheduling-1] [6a05f3e3ac5743ed9896e6f00bbeeb45] WARN  c.e.demo.service.UserVectorService - User not found: 2039621206266257410
2026-05-15 00:10:12.789 [scheduling-1] [6a05f3e47cebbb24e60acffef91daac9] WARN  c.e.demo.service.UserVectorService - User not found: 2039621206266257410
2026-05-15 00:10:13.807 [scheduling-1] [6a05f3e5a1c4d3086b33f4545833eb0e] WARN  c.e.demo.service.UserVectorService - User not found: 2039621206266257410
2026-05-15 00:10:14.815 [scheduling-1] [6a05f3e69257922d2c1ee5028932bac7] WARN  c.e.demo.service.UserVectorService - User not found: 2039621206266257410
2026-05-15 00:10:15.833 [scheduling-1] [6a05f3e7f35195e5979102f16a9336ee] WARN  c.e.demo.service.UserVectorService - User not found: 2039621206266257410
2026-05-15 00:10:16.844 [scheduling-1] [6a05f3e8ae488ebe7334dc7b0f0a69a8] WARN  c.e.demo.service.UserVectorService - User not found: 2039621206266257410
2026-05-15 00:10:17.856 [scheduling-1] [6a05f3e9d7cec22fd22f0e2f67244498] WARN  c.e.demo.service.UserVectorService - User not found: 2039621206266257410
2026-05-15 00:10:18.864 [scheduling-1] [6a05f3ea5ffc6544113cd17bddac0ceb] WARN  c.e.demo.service.UserVectorService - User not found: 2039621206266257410
2026-05-15 00:10:19.875 [scheduling-1] [6a05f3eb3e7445119c93834fe28353b2] WARN  c.e.demo.service.UserVectorService - User not found: 2039621206266257410
2026-05-15 00:10:20.884 [scheduling-1] [6a05f3ec8babc46e273bd9520615d43d] WARN  c.e.demo.service.UserVectorService - User not found: 2039621206266257410
2026-05-15 00:10:21.895 [scheduling-1] [6a05f3ed545b05637895738febc6b5b4] WARN  c.e.demo.service.UserVectorService - User not found: 2039621206266257410
2026-05-15 00:10:22.906 [scheduling-1] [6a05f3ee3111a663606c460e83d3a896] WARN  c.e.demo.service.UserVectorService - User not found: 2039621206266257410
2026-05-15 00:10:23.914 [scheduling-1] [6a05f3ef2cf3259d313aec30f455bf71] WARN  c.e.demo.service.UserVectorService - User not found: 2039621206266257410
2026-05-15 00:10:24.926 [scheduling-1] [6a05f3f07a38d061c972868a53315e3f] WARN  c.e.demo.service.UserVectorService - User not found: 2039621206266257410
2026-05-15 00:10:25.934 [scheduling-1] [6a05f3f1b5a5d2bc1e03f88028c4b5b2] WARN  c.e.demo.service.UserVectorService - User not found: 2039621206266257410
2026-05-15 00:10:26.943 [scheduling-1] [6a05f3f2de811f659fd4ace84ffe8665] WARN  c.e.demo.service.UserVectorService - User not found: 2039621206266257410
2026-05-15 00:10:27.954 [scheduling-1] [6a05f3f36bc8936d772dc5f3176c0175] WARN  c.e.demo.service.UserVectorService - User not found: 2039621206266257410
2026-05-15 00:10:28.962 [scheduling-1] [6a05f3f4475325cdd329823e467ae706] WARN  c.e.demo.service.UserVectorService - User not found: 2039621206266257410
2026-05-15 00:10:29.973 [scheduling-1] [6a05f3f50c093304201674607b94dee9] WARN  c.e.demo.service.UserVectorService - User not found: 2039621206266257410
2026-05-15 00:10:30.983 [scheduling-1] [6a05f3f6e62cf9a04bb26f5d834aed99] WARN  c.e.demo.service.UserVectorService - User not found: 2039621206266257410
2026-05-15 00:10:31.992 [scheduling-1] [6a05f3f7d07e3cf3c8642748dc016442] WARN  c.e.demo.service.UserVectorService - User not found: 2039621206266257410
2026-05-15 00:10:33.004 [scheduling-1] [6a05f3f98928be8656104940f3096fa9] WARN  c.e.demo.service.UserVectorService - User not found: 2039621206266257410
2026-05-15 00:10:34.010 [scheduling-1] [6a05f3fa43dfa1ab1fdcd35f57038569] WARN  c.e.demo.service.UserVectorService - User not found: 2039621206266257410
2026-05-15 00:10:35.023 [scheduling-1] [6a05f3fba3cd798762c07626fb770958] WARN  c.e.demo.service.UserVectorService - User not found: 2039621206266257410
2026-05-15 00:10:36.031 [scheduling-1] [6a05f3fcd609aa309e385da808ad3224] WARN  c.e.demo.service.UserVectorService - User not found: 2039621206266257410
2026-05-15 00:10:37.042 [scheduling-1] [6a05f3fd89fecba99b64e34d6c8edc79] WARN  c.e.demo.service.UserVectorService - User not found: 2039621206266257410
2026-05-15 00:10:38.051 [scheduling-1] [6a05f3fef107c8e0f29d85be28e39c34] WARN  c.e.demo.service.UserVectorService - User not found: 2039621206266257410
2026-05-15 00:10:39.061 [scheduling-1] [6a05f3ff60d616b551246320f2f44762] WARN  c.e.demo.service.UserVectorService - User not found: 2039621206266257410
2026-05-15 00:10:40.072 [scheduling-1] [6a05f4005a8356e61d4d360404651d16] WARN  c.e.demo.service.UserVectorService - User not found: 2039621206266257410
2026-05-15 00:10:41.082 [scheduling-1] [6a05f401b93d8a2808ab5f7e5b1f1456] WARN  c.e.demo.service.UserVectorService - User not found: 2039621206266257410
2026-05-15 00:10:42.093 [scheduling-1] [6a05f402371df9d493b409c17ecad225] WARN  c.e.demo.service.UserVectorService - User not found: 2039621206266257410
2026-05-15 00:10:43.101 [scheduling-1] [6a05f403af78840bbe0fe8fb4a0a612a] WARN  c.e.demo.service.UserVectorService - User not found: 2039621206266257410
2026-05-15 00:10:44.112 [scheduling-1] [6a05f4044b1a32aff4647eef53c6c1b5] WARN  c.e.demo.service.UserVectorService - User not found: 2039621206266257410
2026-05-15 00:10:45.122 [scheduling-1] [6a05f405f7432957e782e082aa0c38a0] WARN  c.e.demo.service.UserVectorService - User not found: 2039621206266257410
2026-05-15 00:10:46.131 [scheduling-1] [6a05f4063a46142f0820bb69d6a792bf] WARN  c.e.demo.service.UserVectorService - User not found: 2039621206266257410
2026-05-15 00:10:47.141 [scheduling-1] [6a05f407f428ff5f9d977fa0605c9a59] WARN  c.e.demo.service.UserVectorService - User not found: 2039621206266257410
2026-05-15 00:10:48.152 [scheduling-1] [6a05f40810a475c4b18a6045f45def24] WARN  c.e.demo.service.UserVectorService - User not found: 2039621206266257410
2026-05-15 00:10:49.158 [scheduling-1] [6a05f409e36a8fa3531a90639fed638e] WARN  c.e.demo.service.UserVectorService - User not found: 2039621206266257410
2026-05-15 00:10:50.170 [scheduling-1] [6a05f40a3f8e0bf7d458cac204abb577] WARN  c.e.demo.service.UserVectorService - User not found: 2039621206266257410
2026-05-15 00:10:51.180 [scheduling-1] [6a05f40b6a70d6d9c0f417dd0fb0381a] WARN  c.e.demo.service.UserVectorService - User not found: 2039621206266257410
2026-05-15 00:10:52.191 [scheduling-1] [6a05f40c18901fbfabee6da0e5262a1d] WARN  c.e.demo.service.UserVectorService - User not found: 2039621206266257410
2026-05-15 00:10:53.202 [scheduling-1] [6a05f40dd9bb4c535968490aebdc3398] WARN  c.e.demo.service.UserVectorService - User not found: 2039621206266257410
2026-05-15 00:10:54.218 [scheduling-1] [6a05f40e9c50ab16ac653fbe2a0624eb] WARN  c.e.demo.service.UserVectorService - User not found: 2039621206266257410
2026-05-15 00:10:55.229 [scheduling-1] [6a05f40f38a785b7f8da4bfa4b966865] WARN  c.e.demo.service.UserVectorService - User not found: 2039621206266257410
2026-05-15 00:10:56.238 [scheduling-1] [6a05f4102a062701d97a7c929415cfa0] WARN  c.e.demo.service.UserVectorService - User not found: 2039621206266257410
2026-05-15 00:10:57.249 [scheduling-1] [6a05f41171031ac89e3b735db6be1eeb] WARN  c.e.demo.service.UserVectorService - User not found: 2039621206266257410
2026-05-15 00:10:58.257 [scheduling-1] [6a05f41264793ca7bd3b0591dd02810b] WARN  c.e.demo.service.UserVectorService - User not found: 2039621206266257410
2026-05-15 00:10:59.269 [scheduling-1] [6a05f413277414b9f8b25fe2d97f295b] WARN  c.e.demo.service.UserVectorService - User not found: 2039621206266257410
2026-05-15 00:11:00.278 [scheduling-1] [6a05f414eefd543d80cefff57410351f] WARN  c.e.demo.service.UserVectorService - User not found: 2039621206266257410
2026-05-15 00:11:01.289 [scheduling-1] [6a05f415d905876d0bf67259489a8999] WARN  c.e.demo.service.UserVectorService - User not found: 2039621206266257410
2026-05-15 00:11:02.305 [scheduling-1] [6a05f41631a905add1fde024a178a87f] WARN  c.e.demo.service.UserVectorService - User not found: 2039621206266257410
2026-05-15 00:11:03.313 [scheduling-1] [6a05f417fc236e1a2760c842912df045] WARN  c.e.demo.service.UserVectorService - User not found: 2039621206266257410
2026-05-15 00:11:04.327 [scheduling-1] [6a05f418a67c46cece63f57a07fe229e] WARN  c.e.demo.service.UserVectorService - User not found: 2039621206266257410
2026-05-15 00:11:05.339 [scheduling-1] [6a05f419ae007a7c9beac5cd51da6661] WARN  c.e.demo.service.UserVectorService - User not found: 2039621206266257410
2026-05-15 00:11:06.346 [scheduling-1] [6a05f41a64d838ba724b8fea2dc5a026] WARN  c.e.demo.service.UserVectorService - User not found: 2039621206266257410
2026-05-15 00:11:07.357 [scheduling-1] [6a05f41b9163c1543fd876008234f3d3] WARN  c.e.demo.service.UserVectorService - User not found: 2039621206266257410
2026-05-15 00:11:08.371 [scheduling-1] [6a05f41c257082cebf15a35d1539e504] WARN  c.e.demo.service.UserVectorService - User not found: 2039621206266257410
2026-05-15 00:11:09.383 [scheduling-1] [6a05f41dfc7c8611c83ba55f863cd8f0] WARN  c.e.demo.service.UserVectorService - User not found: 2039621206266257410
2026-05-15 00:11:10.392 [scheduling-1] [6a05f41e489a38b4c50cf714efa72782] WARN  c.e.demo.service.UserVectorService - User not found: 2039621206266257410
2026-05-15 00:11:11.400 [scheduling-1] [6a05f41f2f180ee0716dbb83b03d3a49] WARN  c.e.demo.service.UserVectorService - User not found: 2039621206266257410
2026-05-15 00:11:12.413 [scheduling-1] [6a05f4206317c7995a6bbd6567b13518] WARN  c.e.demo.service.UserVectorService - User not found: 2039621206266257410
2026-05-15 00:11:13.420 [scheduling-1] [6a05f421d25864bd29b13a1ebb4280bc] WARN  c.e.demo.service.UserVectorService - User not found: 2039621206266257410
2026-05-15 00:11:14.434 [scheduling-1] [6a05f4225ab89639673a0541ed1049a1] WARN  c.e.demo.service.UserVectorService - User not found: 2039621206266257410
2026-05-15 00:11:15.445 [scheduling-1] [6a05f4230e049f885135577a187212a4] WARN  c.e.demo.service.UserVectorService - User not found: 2039621206266257410
2026-05-15 00:11:16.452 [scheduling-1] [6a05f42449072768b26a5f8631e5118a] WARN  c.e.demo.service.UserVectorService - User not found: 2039621206266257410
2026-05-15 00:11:17.463 [scheduling-1] [6a05f425828fb1e629a7a46afbdae27f] WARN  c.e.demo.service.UserVectorService - User not found: 2039621206266257410
2026-05-15 00:11:18.471 [scheduling-1] [6a05f426d379730d2c86e524ba246a33] WARN  c.e.demo.service.UserVectorService - User not found: 2039621206266257410
2026-05-15 00:11:19.481 [scheduling-1] [6a05f427d1ff27ab4bb1d425ea306205] WARN  c.e.demo.service.UserVectorService - User not found: 2039621206266257410
2026-05-15 00:11:20.490 [scheduling-1] [6a05f428eb178b05d0af7e6a64ee849d] WARN  c.e.demo.service.UserVectorService - User not found: 2039621206266257410
2026-05-15 00:11:21.502 [scheduling-1] [6a05f429df72107234efe9170349adeb] WARN  c.e.demo.service.UserVectorService - User not found: 2039621206266257410
2026-05-15 00:11:22.509 [scheduling-1] [6a05f42a2a6fba6a65c89c21a6396afe] WARN  c.e.demo.service.UserVectorService - User not found: 2039621206266257410
2026-05-15 00:11:23.521 [scheduling-1] [6a05f42b06dd382b4f75e682909f67ce] WARN  c.e.demo.service.UserVectorService - User not found: 2039621206266257410
2026-05-15 00:11:24.537 [scheduling-1] [6a05f42ced63f5416d5c6c7a492c9b24] WARN  c.e.demo.service.UserVectorService - User not found: 2039621206266257410
2026-05-15 00:11:25.549 [scheduling-1] [6a05f42d235d6f8cb6b2528840e9b749] WARN  c.e.demo.service.UserVectorService - User not found: 2039621206266257410
2026-05-15 00:11:26.560 [scheduling-1] [6a05f42e441cf526930ef93e82fd04e5] WARN  c.e.demo.service.UserVectorService - User not found: 2039621206266257410
2026-05-15 00:11:27.574 [scheduling-1] [6a05f42f665e9c06a74f08c915b96d9f] WARN  c.e.demo.service.UserVectorService - User not found: 2039621206266257410
2026-05-15 00:11:28.581 [scheduling-1] [6a05f4308585dfb50b5c72603e8618f8] WARN  c.e.demo.service.UserVectorService - User not found: 2039621206266257410
2026-05-15 00:11:29.590 [scheduling-1] [6a05f43178527a7841740643f815889b] WARN  c.e.demo.service.UserVectorService - User not found: 2039621206266257410
2026-05-15 00:11:30.609 [scheduling-1] [6a05f432db040434b737466fbd7ecf56] WARN  c.e.demo.service.UserVectorService - User not found: 2039621206266257410
2026-05-15 00:11:31.627 [scheduling-1] [6a05f43333770da202f112f47bcebc14] WARN  c.e.demo.service.UserVectorService - User not found: 2039621206266257410
2026-05-15 00:11:32.634 [scheduling-1] [6a05f434f893141a80fcd36c0fc3fee6] WARN  c.e.demo.service.UserVectorService - User not found: 2039621206266257410
2026-05-15 00:11:33.645 [scheduling-1] [6a05f435cdac64701b9b9e870a71c918] WARN  c.e.demo.service.UserVectorService - User not found: 2039621206266257410
2026-05-15 00:11:34.655 [scheduling-1] [6a05f4361c89a3557285d9c88f21508d] WARN  c.e.demo.service.UserVectorService - User not found: 2039621206266257410
2026-05-15 00:11:35.665 [scheduling-1] [6a05f43788c0edf50540b630ad6b7b04] WARN  c.e.demo.service.UserVectorService - User not found: 2039621206266257410
2026-05-15 00:11:36.675 [scheduling-1] [6a05f4380b8713b8ca44551f9e96fc48] WARN  c.e.demo.service.UserVectorService - User not found: 2039621206266257410
2026-05-15 00:11:37.686 [scheduling-1] [6a05f4392c44182b7c585503f25b0a3c] WARN  c.e.demo.service.UserVectorService - User not found: 2039621206266257410
2026-05-15 00:11:38.692 [scheduling-1] [6a05f43a4f74005b8c552e2b94f6885f] WARN  c.e.demo.service.UserVectorService - User not found: 2039621206266257410
2026-05-15 00:11:39.706 [scheduling-1] [6a05f43bed5b129b2b27233b71046a69] WARN  c.e.demo.service.UserVectorService - User not found: 2039621206266257410
2026-05-15 00:11:40.714 [scheduling-1] [6a05f43c3bb395d79cc21071e0d46629] WARN  c.e.demo.service.UserVectorService - User not found: 2039621206266257410
2026-05-15 00:11:41.732 [scheduling-1] [6a05f43d2cd5695ca7cc033873ea0d42] WARN  c.e.demo.service.UserVectorService - User not found: 2039621206266257410
2026-05-15 00:11:42.740 [scheduling-1] [6a05f43ee0fc2c3a74923b3633ebaf90] WARN  c.e.demo.service.UserVectorService - User not found: 2039621206266257410
2026-05-15 00:11:43.758 [scheduling-1] [6a05f43fbf0a5e388e95bbd1056ee9ac] WARN  c.e.demo.service.UserVectorService - User not found: 2039621206266257410
2026-05-15 00:11:44.766 [scheduling-1] [6a05f440055c8376064102d19916cccd] WARN  c.e.demo.service.UserVectorService - User not found: 2039621206266257410
2026-05-15 00:11:45.772 [scheduling-1] [6a05f441edb351d19e54723659d32b0d] WARN  c.e.demo.service.UserVectorService - User not found: 2039621206266257410
2026-05-15 00:11:46.782 [scheduling-1] [6a05f442499691e2fbec47e426911df0] WARN  c.e.demo.service.UserVectorService - User not found: 2039621206266257410
2026-05-15 00:11:47.790 [scheduling-1] [6a05f443e23e850c02cd5d5e573afe78] WARN  c.e.demo.service.UserVectorService - User not found: 2039621206266257410
2026-05-15 00:11:48.800 [scheduling-1] [6a05f4443cf10def37ef8a32945d7fae] WARN  c.e.demo.service.UserVectorService - User not found: 2039621206266257410
2026-05-15 00:11:49.813 [scheduling-1] [6a05f4458883827aed4ae9c6e9807281] WARN  c.e.demo.service.UserVectorService - User not found: 2039621206266257410
2026-05-15 00:11:50.819 [scheduling-1] [6a05f4465be6bf76046c2ce6d0608e55] WARN  c.e.demo.service.UserVectorService - User not found: 2039621206266257410
2026-05-15 00:11:51.830 [scheduling-1] [6a05f44756a558c1608dce822ae0a9d7] WARN  c.e.demo.service.UserVectorService - User not found: 2039621206266257410
2026-05-15 00:11:52.840 [scheduling-1] [6a05f4485e1812ab4ad2f3e0d85ef5c7] WARN  c.e.demo.service.UserVectorService - User not found: 2039621206266257410
2026-05-15 00:11:53.848 [scheduling-1] [6a05f449016a0dec2790b5c186153046] WARN  c.e.demo.service.UserVectorService - User not found: 2039621206266257410
2026-05-15 00:11:54.860 [scheduling-1] [6a05f44a55781f669d88769ba3b08eff] WARN  c.e.demo.service.UserVectorService - User not found: 2039621206266257410
2026-05-15 00:11:55.869 [scheduling-1] [6a05f44b8c9f44bf99b8862ad872f87d] WARN  c.e.demo.service.UserVectorService - User not found: 2039621206266257410
2026-05-15 00:11:56.881 [scheduling-1] [6a05f44cc53c82619d30f3c84cf3ab4f] WARN  c.e.demo.service.UserVectorService - User not found: 2039621206266257410
2026-05-15 00:11:57.901 [scheduling-1] [6a05f44d380270593b4a3b0aafd6ac20] WARN  c.e.demo.service.UserVectorService - User not found: 2039621206266257410
2026-05-15 00:11:58.916 [scheduling-1] [6a05f44e1b4ff58fbf9198a5d5afe1a5] WARN  c.e.demo.service.UserVectorService - User not found: 2039621206266257410
2026-05-15 00:11:59.924 [scheduling-1] [6a05f44fcea369faf10ee1da4dc82ce6] WARN  c.e.demo.service.UserVectorService - User not found: 2039621206266257410
2026-05-15 00:12:00.933 [scheduling-1] [6a05f450f0601a86232f17dab8c64e9c] WARN  c.e.demo.service.UserVectorService - User not found: 2039621206266257410
2026-05-15 00:12:01.947 [scheduling-1] [6a05f4510637271bfb54a60a8324fa44] WARN  c.e.demo.service.UserVectorService - User not found: 2039621206266257410
2026-05-15 00:12:02.956 [scheduling-1] [6a05f452541535fe1df49dabef94e652] WARN  c.e.demo.service.UserVectorService - User not found: 2039621206266257410
2026-05-15 00:12:03.964 [scheduling-1] [6a05f4538140e45d20f93b9b8134bb1f] WARN  c.e.demo.service.UserVectorService - User not found: 2039621206266257410
2026-05-15 00:12:04.975 [scheduling-1] [6a05f454e186d43fd723c8563355dae7] WARN  c.e.demo.service.UserVectorService - User not found: 2039621206266257410
2026-05-15 00:12:05.982 [scheduling-1] [6a05f4550c984ef3d45b4b7b4148a2ac] WARN  c.e.demo.service.UserVectorService - User not found: 2039621206266257410
2026-05-15 00:12:07.002 [scheduling-1] [6a05f457009289c852ecb4cd49eefcfe] WARN  c.e.demo.service.UserVectorService - User not found: 2039621206266257410
2026-05-15 00:12:08.012 [scheduling-1] [6a05f4582690d13862b8e5da0a54503b] WARN  c.e.demo.service.UserVectorService - User not found: 2039621206266257410
2026-05-15 00:12:09.025 [scheduling-1] [6a05f45995937f17059fc365b3bca725] WARN  c.e.demo.service.UserVectorService - User not found: 2039621206266257410
2026-05-15 00:12:10.040 [scheduling-1] [6a05f45ace1c79033e58a6d69f47ee29] WARN  c.e.demo.service.UserVectorService - User not found: 2039621206266257410
2026-05-15 00:12:11.052 [scheduling-1] [6a05f45bb3d6d83ea06062ec09352796] WARN  c.e.demo.service.UserVectorService - User not found: 2039621206266257410
2026-05-15 00:12:12.059 [scheduling-1] [6a05f45c124c79c800eeb016c0bda943] WARN  c.e.demo.service.UserVectorService - User not found: 2039621206266257410
2026-05-15 00:12:13.069 [scheduling-1] [6a05f45dd72aa3756356544bd33938c5] WARN  c.e.demo.service.UserVectorService - User not found: 2039621206266257410
2026-05-15 00:12:14.079 [scheduling-1] [6a05f45ed45a6383dc2960545799c32b] WARN  c.e.demo.service.UserVectorService - User not found: 2039621206266257410
2026-05-15 00:12:15.089 [scheduling-1] [6a05f45f5c4b6d8befbe9672b1dd80ed] WARN  c.e.demo.service.UserVectorService - User not found: 2039621206266257410
2026-05-15 00:12:16.101 [scheduling-1] [6a05f46048333477f0863533e9719d6d] WARN  c.e.demo.service.UserVectorService - User not found: 2039621206266257410
2026-05-15 00:12:17.111 [scheduling-1] [6a05f461917cc9e98f360c80c5e71f30] WARN  c.e.demo.service.UserVectorService - User not found: 2039621206266257410
2026-05-15 00:12:18.119 [scheduling-1] [6a05f46207dc85f0bae0bd5636c072b9] WARN  c.e.demo.service.UserVectorService - User not found: 2039621206266257410
2026-05-15 00:12:19.132 [scheduling-1] [6a05f463924344d7e0fe4d6364a2b091] WARN  c.e.demo.service.UserVectorService - User not found: 2039621206266257410
2026-05-15 00:12:20.139 [scheduling-1] [6a05f464a3fe9ffab8ffe9e802f78309] WARN  c.e.demo.service.UserVectorService - User not found: 2039621206266257410
2026-05-15 00:12:21.149 [scheduling-1] [6a05f4653e53baf58b4ebf762dc8ed5a] WARN  c.e.demo.service.UserVectorService - User not found: 2039621206266257410
2026-05-15 00:12:22.160 [scheduling-1] [6a05f4667f7e76cca2e2b0ffdbed110d] WARN  c.e.demo.service.UserVectorService - User not found: 2039621206266257410
2026-05-15 00:12:23.169 [scheduling-1] [6a05f4678a2547a916b0ebbd71120706] WARN  c.e.demo.service.UserVectorService - User not found: 2039621206266257410
2026-05-15 00:12:24.182 [scheduling-1] [6a05f46877ba7b0f1911ee3414f36e01] WARN  c.e.demo.service.UserVectorService - User not found: 2039621206266257410
2026-05-15 00:12:25.190 [scheduling-1] [6a05f4697bb39015e91a5fc8b741670f] WARN  c.e.demo.service.UserVectorService - User not found: 2039621206266257410
2026-05-15 00:12:26.200 [scheduling-1] [6a05f46ac6f9223fc540e6758428a99f] WARN  c.e.demo.service.UserVectorService - User not found: 2039621206266257410
2026-05-15 00:12:27.209 [scheduling-1] [6a05f46be430045cc904ba5a4e36f124] WARN  c.e.demo.service.UserVectorService - User not found: 2039621206266257410
2026-05-15 00:12:28.219 [scheduling-1] [6a05f46c316e73aa57aa4909ec7173d1] WARN  c.e.demo.service.UserVectorService - User not found: 2039621206266257410
2026-05-15 00:12:29.233 [scheduling-1] [6a05f46da6137ab41f655ff6db2d5dcf] WARN  c.e.demo.service.UserVectorService - User not found: 2039621206266257410
2026-05-15 00:12:30.255 [scheduling-1] [6a05f46e29a73653fbcc7fa826e786b5] WARN  c.e.demo.service.UserVectorService - User not found: 2039621206266257410
2026-05-15 00:12:31.263 [scheduling-1] [6a05f46fa1d0aeeac76ab822b49620e1] WARN  c.e.demo.service.UserVectorService - User not found: 2039621206266257410
2026-05-15 00:12:32.274 [scheduling-1] [6a05f47072833f171321bc97686d5b4e] WARN  c.e.demo.service.UserVectorService - User not found: 2039621206266257410
2026-05-15 00:12:33.283 [scheduling-1] [6a05f471dc11445c30451313bf5be477] WARN  c.e.demo.service.UserVectorService - User not found: 2039621206266257410
2026-05-15 00:12:34.294 [scheduling-1] [6a05f47231098521ed45a190fd8feb65] WARN  c.e.demo.service.UserVectorService - User not found: 2039621206266257410
2026-05-15 00:12:35.304 [scheduling-1] [6a05f473f4b0c95e8ec5a906f7dae701] WARN  c.e.demo.service.UserVectorService - User not found: 2039621206266257410
2026-05-15 00:12:36.316 [scheduling-1] [6a05f47401ecf502afbc51df957b8b9c] WARN  c.e.demo.service.UserVectorService - User not found: 2039621206266257410
2026-05-15 00:12:37.323 [scheduling-1] [6a05f4752c91a691a470ec09ac7bf68a] WARN  c.e.demo.service.UserVectorService - User not found: 2039621206266257410
2026-05-15 00:12:38.335 [scheduling-1] [6a05f476fc6f83fc9ec90f807bacf339] WARN  c.e.demo.service.UserVectorService - User not found: 2039621206266257410
2026-05-15 00:12:39.342 [scheduling-1] [6a05f477b7aea61f151f9267b20b836b] WARN  c.e.demo.service.UserVectorService - User not found: 2039621206266257410
2026-05-15 00:12:40.354 [scheduling-1] [6a05f4780de96c80e5efa5a0b2d075f4] WARN  c.e.demo.service.UserVectorService - User not found: 2039621206266257410
2026-05-15 00:12:41.361 [scheduling-1] [6a05f479aec33f7f583cde35399b56c3] WARN  c.e.demo.service.UserVectorService - User not found: 2039621206266257410
2026-05-15 00:12:42.371 [scheduling-1] [6a05f47a18f599eeea5baa8580c27b08] WARN  c.e.demo.service.UserVectorService - User not found: 2039621206266257410
2026-05-15 00:12:43.381 [scheduling-1] [6a05f47b547295150edda76cc0d45d87] WARN  c.e.demo.service.UserVectorService - User not found: 2039621206266257410
2026-05-15 00:12:44.393 [scheduling-1] [6a05f47c50b352c4cefc98df75274b3c] WARN  c.e.demo.service.UserVectorService - User not found: 2039621206266257410
2026-05-15 00:12:45.404 [scheduling-1] [6a05f47d3d75bf0e4c131ed6035c5648] WARN  c.e.demo.service.UserVectorService - User not found: 2039621206266257410
2026-05-15 00:12:46.412 [scheduling-1] [6a05f47ef94cb5a23f04bedf4a4caf0e] WARN  c.e.demo.service.UserVectorService - User not found: 2039621206266257410
2026-05-15 00:12:47.422 [scheduling-1] [6a05f47f75fb9deb12f6ad6bd398fa82] WARN  c.e.demo.service.UserVectorService - User not found: 2039621206266257410
2026-05-15 00:12:48.432 [scheduling-1] [6a05f480263c6082cbdfc3d743d75bc6] WARN  c.e.demo.service.UserVectorService - User not found: 2039621206266257410
2026-05-15 00:12:49.443 [scheduling-1] [6a05f4811acf2101ce72cb08ad2ec5b4] WARN  c.e.demo.service.UserVectorService - User not found: 2039621206266257410
2026-05-15 00:12:50.453 [scheduling-1] [6a05f4821a376a6505ce1683023c5768] WARN  c.e.demo.service.UserVectorService - User not found: 2039621206266257410
2026-05-15 00:12:51.462 [scheduling-1] [6a05f4837eb89879251f4ade69c3e6f9] WARN  c.e.demo.service.UserVectorService - User not found: 2039621206266257410
2026-05-15 00:12:52.471 [scheduling-1] [6a05f48430752855f865f4983cbc0cab] WARN  c.e.demo.service.UserVectorService - User not found: 2039621206266257410
2026-05-15 00:12:53.480 [scheduling-1] [6a05f48569eb24d99521203410ff6e3e] WARN  c.e.demo.service.UserVectorService - User not found: 2039621206266257410
2026-05-15 00:12:54.493 [scheduling-1] [6a05f4865f679fad0960cb4bc56d5232] WARN  c.e.demo.service.UserVectorService - User not found: 2039621206266257410
2026-05-15 00:12:55.509 [scheduling-1] [6a05f4879b983b9846783000b0839b39] WARN  c.e.demo.service.UserVectorService - User not found: 2039621206266257410
2026-05-15 00:12:56.521 [scheduling-1] [6a05f488dc9a399aa05cf56115952fba] WARN  c.e.demo.service.UserVectorService - User not found: 2039621206266257410
2026-05-15 00:12:57.532 [scheduling-1] [6a05f48953bfbaf3fd8c1f05e7eb66e9] WARN  c.e.demo.service.UserVectorService - User not found: 2039621206266257410
2026-05-15 00:12:58.540 [scheduling-1] [6a05f48aede9baf9363fb46aab5bcf18] WARN  c.e.demo.service.UserVectorService - User not found: 2039621206266257410
2026-05-15 00:12:59.550 [scheduling-1] [6a05f48b560f2f5a1d1851844c99eb3b] WARN  c.e.demo.service.UserVectorService - User not found: 2039621206266257410
2026-05-15 00:13:00.568 [scheduling-1] [6a05f48c71d8a4b124c2422ed193f644] WARN  c.e.demo.service.UserVectorService - User not found: 2039621206266257410
2026-05-15 00:13:01.578 [scheduling-1] [6a05f48d3bc2d44b8bf41bf58b31547e] WARN  c.e.demo.service.UserVectorService - User not found: 2039621206266257410
2026-05-15 00:13:02.588 [scheduling-1] [6a05f48ec09449e24ae60a4729ad51de] WARN  c.e.demo.service.UserVectorService - User not found: 2039621206266257410
2026-05-15 00:13:03.598 [scheduling-1] [6a05f48f7fc0b9aa6a12bd6685796760] WARN  c.e.demo.service.UserVectorService - User not found: 2039621206266257410
2026-05-15 00:13:04.608 [scheduling-1] [6a05f49098ffaab8fc4c247619425822] WARN  c.e.demo.service.UserVectorService - User not found: 2039621206266257410
2026-05-15 00:13:05.617 [scheduling-1] [6a05f49149ca37d01404a505059b789d] WARN  c.e.demo.service.UserVectorService - User not found: 2039621206266257410
2026-05-15 00:13:06.627 [scheduling-1] [6a05f492dfd487ac7fa526c4b985dc6d] WARN  c.e.demo.service.UserVectorService - User not found: 2039621206266257410
2026-05-15 00:13:07.635 [scheduling-1] [6a05f49388fdc23791eba38a339cc9bf] WARN  c.e.demo.service.UserVectorService - User not found: 2039621206266257410
2026-05-15 00:13:08.648 [scheduling-1] [6a05f4948bd11920342bc91ed834aed2] WARN  c.e.demo.service.UserVectorService - User not found: 2039621206266257410
2026-05-15 00:13:09.656 [scheduling-1] [6a05f495d226976893640545ceb5a992] WARN  c.e.demo.service.UserVectorService - User not found: 2039621206266257410
2026-05-15 00:13:10.674 [scheduling-1] [6a05f496475bdc3b0bc20d9b15280e71] WARN  c.e.demo.service.UserVectorService - User not found: 2039621206266257410
2026-05-15 00:13:11.684 [scheduling-1] [6a05f497bd93d6cc60bd42fb59bce0a8] WARN  c.e.demo.service.UserVectorService - User not found: 2039621206266257410
2026-05-15 00:13:12.694 [scheduling-1] [6a05f498d4799b9599a25dccbe5707df] WARN  c.e.demo.service.UserVectorService - User not found: 2039621206266257410
2026-05-15 00:13:13.702 [scheduling-1] [6a05f499115150e8a833257b7e55f786] WARN  c.e.demo.service.UserVectorService - User not found: 2039621206266257410
2026-05-15 00:13:14.713 [scheduling-1] [6a05f49ae7845205e973445b92978eeb] WARN  c.e.demo.service.UserVectorService - User not found: 2039621206266257410
2026-05-15 00:13:15.723 [scheduling-1] [6a05f49b68afe354c27b414ff90c4787] WARN  c.e.demo.service.UserVectorService - User not found: 2039621206266257410
2026-05-15 00:13:16.732 [scheduling-1] [6a05f49c24eb157b4c4d9184edac5851] WARN  c.e.demo.service.UserVectorService - User not found: 2039621206266257410
2026-05-15 00:13:17.742 [scheduling-1] [6a05f49da833d7a6f3bd7d947a0ea53c] WARN  c.e.demo.service.UserVectorService - User not found: 2039621206266257410
2026-05-15 00:13:18.751 [scheduling-1] [6a05f49e375f40608f8a6cb4d0ba5691] WARN  c.e.demo.service.UserVectorService - User not found: 2039621206266257410
2026-05-15 00:13:19.764 [scheduling-1] [6a05f49fd7e7fcaf8b9c89e17ebc8e7f] WARN  c.e.demo.service.UserVectorService - User not found: 2039621206266257410
2026-05-15 00:13:20.774 [scheduling-1] [6a05f4a0306c140bcdaed95d3ae81829] WARN  c.e.demo.service.UserVectorService - User not found: 2039621206266257410
2026-05-15 00:13:21.782 [scheduling-1] [6a05f4a164f4308c4e1bce1d6b2191f3] WARN  c.e.demo.service.UserVectorService - User not found: 2039621206266257410
2026-05-15 00:13:22.791 [scheduling-1] [6a05f4a25fb239a12e9ab1309bfb557c] WARN  c.e.demo.service.UserVectorService - User not found: 2039621206266257410
2026-05-15 00:13:23.803 [scheduling-1] [6a05f4a3a5b9752f5328297e6ba90b78] WARN  c.e.demo.service.UserVectorService - User not found: 2039621206266257410
2026-05-15 00:13:24.813 [scheduling-1] [6a05f4a4c0b9a5555bd8086d67c9e1ce] WARN  c.e.demo.service.UserVectorService - User not found: 2039621206266257410
2026-05-15 00:13:25.821 [scheduling-1] [6a05f4a5d9b80327e8c5b640f3b9c105] WARN  c.e.demo.service.UserVectorService - User not found: 2039621206266257410
2026-05-15 00:13:26.831 [scheduling-1] [6a05f4a69c4f853e991c4ac5a9c9ba9e] WARN  c.e.demo.service.UserVectorService - User not found: 2039621206266257410
2026-05-15 00:13:27.843 [scheduling-1] [6a05f4a76cf0baa12b3c6abb8376b3b4] WARN  c.e.demo.service.UserVectorService - User not found: 2039621206266257410
2026-05-15 00:13:28.852 [scheduling-1] [6a05f4a8462999f608aab09fd586098a] WARN  c.e.demo.service.UserVectorService - User not found: 2039621206266257410
2026-05-15 00:13:29.861 [scheduling-1] [6a05f4a97579c5d5545d96872dfffe3b] WARN  c.e.demo.service.UserVectorService - User not found: 2039621206266257410
2026-05-15 00:13:30.870 [scheduling-1] [6a05f4aa566c5f31a4fac4a9bbf6c5b8] WARN  c.e.demo.service.UserVectorService - User not found: 2039621206266257410
2026-05-15 00:13:31.881 [scheduling-1] [6a05f4abb647858f64c13a2c34ba98cc] WARN  c.e.demo.service.UserVectorService - User not found: 2039621206266257410
2026-05-15 00:13:32.891 [scheduling-1] [6a05f4ac92776c909c191c99b0046a98] WARN  c.e.demo.service.UserVectorService - User not found: 2039621206266257410
2026-05-15 00:13:33.902 [scheduling-1] [6a05f4ade4f14054d3549979954450a7] WARN  c.e.demo.service.UserVectorService - User not found: 2039621206266257410
2026-05-15 00:13:34.909 [scheduling-1] [6a05f4aede2ff4a4b832f07470123acd] WARN  c.e.demo.service.UserVectorService - User not found: 2039621206266257410
2026-05-15 00:13:35.922 [scheduling-1] [6a05f4af65a36a992c29892a2d65c542] WARN  c.e.demo.service.UserVectorService - User not found: 2039621206266257410
2026-05-15 00:13:36.930 [scheduling-1] [6a05f4b06130dd6ca2bc48c36233384d] WARN  c.e.demo.service.UserVectorService - User not found: 2039621206266257410
2026-05-15 00:13:37.939 [scheduling-1] [6a05f4b1ca6edaab988d05acb66357ad] WARN  c.e.demo.service.UserVectorService - User not found: 2039621206266257410
2026-05-15 00:13:38.951 [scheduling-1] [6a05f4b24e4c29dd08d53fbb2d7d52f8] WARN  c.e.demo.service.UserVectorService - User not found: 2039621206266257410
2026-05-15 00:13:39.961 [scheduling-1] [6a05f4b39b162dd21324c4487f75ae9b] WARN  c.e.demo.service.UserVectorService - User not found: 2039621206266257410
2026-05-15 00:13:40.970 [scheduling-1] [6a05f4b47afc4fb898c12be8e739fd9a] WARN  c.e.demo.service.UserVectorService - User not found: 2039621206266257410
2026-05-15 00:13:41.980 [scheduling-1] [6a05f4b5d1aa7c95abfe00098d140c9a] WARN  c.e.demo.service.UserVectorService - User not found: 2039621206266257410
2026-05-15 00:13:42.989 [scheduling-1] [6a05f4b6229e7771687ece9a713dbd05] WARN  c.e.demo.service.UserVectorService - User not found: 2039621206266257410
2026-05-15 00:13:44.000 [scheduling-1] [6a05f4b790cc03416e48e5a8a25cf0c5] WARN  c.e.demo.service.UserVectorService - User not found: 2039621206266257410
2026-05-15 00:13:45.008 [scheduling-1] [6a05f4b9f53b58776dfc4af4453bddf2] WARN  c.e.demo.service.UserVectorService - User not found: 2039621206266257410
2026-05-15 00:13:46.018 [scheduling-1] [6a05f4bab5c2de402233bb66f72f52a3] WARN  c.e.demo.service.UserVectorService - User not found: 2039621206266257410
2026-05-15 00:13:47.030 [scheduling-1] [6a05f4bb8453c325410b98cab0d88f8a] WARN  c.e.demo.service.UserVectorService - User not found: 2039621206266257410
2026-05-15 00:13:48.040 [scheduling-1] [6a05f4bcfd51812d669e573ad1674cd8] WARN  c.e.demo.service.UserVectorService - User not found: 2039621206266257410
2026-05-15 00:13:49.050 [scheduling-1] [6a05f4bd74bbd4df452121a739691a86] WARN  c.e.demo.service.UserVectorService - User not found: 2039621206266257410
2026-05-15 00:13:50.059 [scheduling-1] [6a05f4bed68df753a3e98057d52a5ae7] WARN  c.e.demo.service.UserVectorService - User not found: 2039621206266257410
2026-05-15 00:13:51.068 [scheduling-1] [6a05f4bf3114cb6700f5b93e9d4bb35d] WARN  c.e.demo.service.UserVectorService - User not found: 2039621206266257410
2026-05-15 00:13:52.079 [scheduling-1] [6a05f4c0c264d6456941cae95d82798d] WARN  c.e.demo.service.UserVectorService - User not found: 2039621206266257410
2026-05-15 00:13:53.089 [scheduling-1] [6a05f4c1dbd45350850e802e9fd2b4c0] WARN  c.e.demo.service.UserVectorService - User not found: 2039621206266257410
2026-05-15 00:13:54.096 [scheduling-1] [6a05f4c21488d2450b1dd338a92effc5] WARN  c.e.demo.service.UserVectorService - User not found: 2039621206266257410
2026-05-15 00:13:55.107 [scheduling-1] [6a05f4c3a0e377f8b144eba277368f46] WARN  c.e.demo.service.UserVectorService - User not found: 2039621206266257410
2026-05-15 00:13:56.117 [scheduling-1] [6a05f4c4d14995ed5dc3603bfe5c6cb7] WARN  c.e.demo.service.UserVectorService - User not found: 2039621206266257410
2026-05-15 00:13:57.128 [scheduling-1] [6a05f4c5b371eb77940a8c1ef9a80df1] WARN  c.e.demo.service.UserVectorService - User not found: 2039621206266257410
2026-05-15 00:13:58.137 [scheduling-1] [6a05f4c61795d4845c777d56d381144d] WARN  c.e.demo.service.UserVectorService - User not found: 2039621206266257410
2026-05-15 00:13:59.148 [scheduling-1] [6a05f4c7e2cafa86bbd782eb70b43274] WARN  c.e.demo.service.UserVectorService - User not found: 2039621206266257410
2026-05-15 00:14:00.157 [scheduling-1] [6a05f4c81d13d2fd4391cde1d8b7708c] WARN  c.e.demo.service.UserVectorService - User not found: 2039621206266257410
2026-05-15 00:14:01.167 [scheduling-1] [6a05f4c9d546083ab351f2d547096a38] WARN  c.e.demo.service.UserVectorService - User not found: 2039621206266257410
2026-05-15 00:14:02.177 [scheduling-1] [6a05f4ca4ed6be073aa3b7673461e0b9] WARN  c.e.demo.service.UserVectorService - User not found: 2039621206266257410
2026-05-15 00:14:03.189 [scheduling-1] [6a05f4cb9fb80b7c8491011f8d09b647] WARN  c.e.demo.service.UserVectorService - User not found: 2039621206266257410
2026-05-15 00:14:04.198 [scheduling-1] [6a05f4cc82480c16de9bb3e034602f57] WARN  c.e.demo.service.UserVectorService - User not found: 2039621206266257410
2026-05-15 00:14:05.208 [scheduling-1] [6a05f4cd8edce3bb555dc0d8cde51f0a] WARN  c.e.demo.service.UserVectorService - User not found: 2039621206266257410
2026-05-15 00:14:06.215 [scheduling-1] [6a05f4ce57d23b06478d1f89cf833c64] WARN  c.e.demo.service.UserVectorService - User not found: 2039621206266257410
2026-05-15 00:14:07.226 [scheduling-1] [6a05f4cf2b681a1713f692339e09b9a7] WARN  c.e.demo.service.UserVectorService - User not found: 2039621206266257410
2026-05-15 00:14:08.238 [scheduling-1] [6a05f4d05a3ff1d6ff7dbbcda30fe0b3] WARN  c.e.demo.service.UserVectorService - User not found: 2039621206266257410
2026-05-15 00:14:09.248 [scheduling-1] [6a05f4d10b81adc478833f3b152e0990] WARN  c.e.demo.service.UserVectorService - User not found: 2039621206266257410
2026-05-15 00:14:10.264 [scheduling-1] [6a05f4d2f781b4b3e72241a8dc98757a] WARN  c.e.demo.service.UserVectorService - User not found: 2039621206266257410
2026-05-15 00:14:11.273 [scheduling-1] [6a05f4d36f71d0644369f3680d119536] WARN  c.e.demo.service.UserVectorService - User not found: 2039621206266257410
2026-05-15 00:14:12.286 [scheduling-1] [6a05f4d479a6f4bc3c3279f72de0f10c] WARN  c.e.demo.service.UserVectorService - User not found: 2039621206266257410
2026-05-15 00:14:13.292 [scheduling-1] [6a05f4d5a81bedfa7d1cab9c8b8912ec] WARN  c.e.demo.service.UserVectorService - User not found: 2039621206266257410
2026-05-15 00:14:14.305 [scheduling-1] [6a05f4d6b9151f576834d130dc69b4da] WARN  c.e.demo.service.UserVectorService - User not found: 2039621206266257410
2026-05-15 00:14:15.317 [scheduling-1] [6a05f4d7e3b07e50fc3991818f05a2df] WARN  c.e.demo.service.UserVectorService - User not found: 2039621206266257410
2026-05-15 00:14:16.332 [scheduling-1] [6a05f4d83b88b859f8ff1c747be96e54] WARN  c.e.demo.service.UserVectorService - User not found: 2039621206266257410
2026-05-15 00:14:17.346 [scheduling-1] [6a05f4d934393d7fd978d136f13db750] WARN  c.e.demo.service.UserVectorService - User not found: 2039621206266257410
2026-05-15 00:14:18.350 [scheduling-1] [6a05f4da58ff8bcf56082672ea0950d4] WARN  c.e.demo.service.UserVectorService - User not found: 2039621206266257410
2026-05-15 00:14:19.363 [scheduling-1] [6a05f4db6794ba95de6d95d8360751b5] WARN  c.e.demo.service.UserVectorService - User not found: 2039621206266257410
2026-05-15 00:14:20.367 [scheduling-1] [6a05f4dc5d337bff04dfa9d5d274746f] WARN  c.e.demo.service.UserVectorService - User not found: 2039621206266257410
2026-05-15 00:14:21.380 [scheduling-1] [6a05f4ddee5309e632ddc048abcc6783] WARN  c.e.demo.service.UserVectorService - User not found: 2039621206266257410
2026-05-15 00:14:22.400 [scheduling-1] [6a05f4def18b264fd43749477d2d4528] WARN  c.e.demo.service.UserVectorService - User not found: 2039621206266257410
2026-05-15 00:14:23.410 [scheduling-1] [6a05f4df0b0098a5d117904dbf142fe2] WARN  c.e.demo.service.UserVectorService - User not found: 2039621206266257410
2026-05-15 00:14:24.419 [scheduling-1] [6a05f4e0350b07e97d03174fed0b0f17] WARN  c.e.demo.service.UserVectorService - User not found: 2039621206266257410
2026-05-15 00:14:25.432 [scheduling-1] [6a05f4e164df4357f08a55dfa6d45b2d] WARN  c.e.demo.service.UserVectorService - User not found: 2039621206266257410
2026-05-15 00:14:26.448 [scheduling-1] [6a05f4e2c39aeee1e0ffb04423ad240f] WARN  c.e.demo.service.UserVectorService - User not found: 2039621206266257410
2026-05-15 00:14:27.456 [scheduling-1] [6a05f4e32e5333c9e854277601f15b1e] WARN  c.e.demo.service.UserVectorService - User not found: 2039621206266257410
2026-05-15 00:14:28.468 [scheduling-1] [6a05f4e42944eff1725b6af2bb62a84e] WARN  c.e.demo.service.UserVectorService - User not found: 2039621206266257410
2026-05-15 00:14:29.487 [scheduling-1] [6a05f4e55dbca20539f93fa513f81942] WARN  c.e.demo.service.UserVectorService - User not found: 2039621206266257410
2026-05-15 00:14:29.605 [tomcat-handler-69] [6a05f4d44e697e5b47628b892661a4f8] INFO  c.e.demo.service.Impl.OssServiceImpl - [service:OssServiceImpl.uploadImage] 执行完成, 耗时: 16686ms
2026-05-15 00:14:30.501 [scheduling-1] [6a05f4e65d7af201b2136bbc224eed5c] WARN  c.e.demo.service.UserVectorService - User not found: 2039621206266257410
2026-05-15 00:14:31.512 [scheduling-1] [6a05f4e742ce09b40c3810774e7a81c1] WARN  c.e.demo.service.UserVectorService - User not found: 2039621206266257410
2026-05-15 00:14:32.531 [scheduling-1] [6a05f4e885ad1e3853ab8cfd06e8405d] WARN  c.e.demo.service.UserVectorService - User not found: 2039621206266257410
2026-05-15 00:14:33.550 [scheduling-1] [6a05f4e9f097a6d0b511271ecaa3b79b] WARN  c.e.demo.service.UserVectorService - User not found: 2039621206266257410
2026-05-15 00:14:34.559 [scheduling-1] [6a05f4ea2cd5c4ec2cb1d371f131fd4d] WARN  c.e.demo.service.UserVectorService - User not found: 2039621206266257410
2026-05-15 00:14:35.570 [scheduling-1] [6a05f4ebc06215c8e73bd6e5ed1bc70a] WARN  c.e.demo.service.UserVectorService - User not found: 2039621206266257410
2026-05-15 00:14:36.578 [scheduling-1] [6a05f4ec44602dd0b8d510145e767297] WARN  c.e.demo.service.UserVectorService - User not found: 2039621206266257410
2026-05-15 00:14:37.588 [scheduling-1] [6a05f4ed70fc582ce0f4ab67c8954056] WARN  c.e.demo.service.UserVectorService - User not found: 2039621206266257410
2026-05-15 00:14:38.605 [scheduling-1] [6a05f4ee6e981c7ee8fb22013e0204c0] WARN  c.e.demo.service.UserVectorService - User not found: 2039621206266257410
2026-05-15 00:14:39.624 [scheduling-1] [6a05f4efd8c8a80d4883e89e6c9c49f4] WARN  c.e.demo.service.UserVectorService - User not found: 2039621206266257410
2026-05-15 00:14:40.640 [scheduling-1] [6a05f4f026b6fe8f8d5d19a749425ca3] WARN  c.e.demo.service.UserVectorService - User not found: 2039621206266257410
2026-05-15 00:14:41.646 [scheduling-1] [6a05f4f16f6559aeda68243f5f661eef] WARN  c.e.demo.service.UserVectorService - User not found: 2039621206266257410
2026-05-15 00:14:42.654 [scheduling-1] [6a05f4f2e0eede50cca4036aa83a6f78] WARN  c.e.demo.service.UserVectorService - User not found: 2039621206266257410
2026-05-15 00:14:43.663 [scheduling-1] [6a05f4f39af976913f4a0686e494b217] WARN  c.e.demo.service.UserVectorService - User not found: 2039621206266257410
2026-05-15 00:14:44.673 [scheduling-1] [6a05f4f4f2b8151d4b471170b064e3a3] WARN  c.e.demo.service.UserVectorService - User not found: 2039621206266257410
2026-05-15 00:14:45.683 [scheduling-1] [6a05f4f507c0e2e380e1d22d6e8d2fc7] WARN  c.e.demo.service.UserVectorService - User not found: 2039621206266257410
2026-05-15 00:14:46.702 [scheduling-1] [6a05f4f62d785cd01e4cb3723c6ae648] WARN  c.e.demo.service.UserVectorService - User not found: 2039621206266257410
2026-05-15 00:14:47.720 [scheduling-1] [6a05f4f714062a3857005d60af8e1e4d] WARN  c.e.demo.service.UserVectorService - User not found: 2039621206266257410
2026-05-15 00:14:48.731 [scheduling-1] [6a05f4f85d1a90c8513d0203efea9439] WARN  c.e.demo.service.UserVectorService - User not found: 2039621206266257410
2026-05-15 00:14:49.739 [scheduling-1] [6a05f4f9847cde2bfe45b6173e845a91] WARN  c.e.demo.service.UserVectorService - User not found: 2039621206266257410
2026-05-15 00:14:50.751 [scheduling-1] [6a05f4fa530ef882269dd3603bb62a82] WARN  c.e.demo.service.UserVectorService - User not found: 2039621206266257410
2026-05-15 00:14:51.759 [scheduling-1] [6a05f4fbf0d59686940a28b004dad3bb] WARN  c.e.demo.service.UserVectorService - User not found: 2039621206266257410
2026-05-15 00:14:52.779 [scheduling-1] [6a05f4fc44adbb2604c374d5594cbb3e] WARN  c.e.demo.service.UserVectorService - User not found: 2039621206266257410
2026-05-15 00:14:53.789 [scheduling-1] [6a05f4fd7871c1dd3d17aa21cbce6dc5] WARN  c.e.demo.service.UserVectorService - User not found: 2039621206266257410
2026-05-15 00:14:54.806 [scheduling-1] [6a05f4fe21cc3fdc404f9f59abf8cc80] WARN  c.e.demo.service.UserVectorService - User not found: 2039621206266257410
2026-05-15 00:14:55.820 [scheduling-1] [6a05f4ffe8356059ac932251bc8c71e8] WARN  c.e.demo.service.UserVectorService - User not found: 2039621206266257410
2026-05-15 00:14:56.828 [scheduling-1] [6a05f500e5263829203bd02059ee952e] WARN  c.e.demo.service.UserVectorService - User not found: 2039621206266257410
2026-05-15 00:14:57.837 [scheduling-1] [6a05f501fa95207d146b6ad711f9a831] WARN  c.e.demo.service.UserVectorService - User not found: 2039621206266257410
2026-05-15 00:14:58.844 [scheduling-1] [6a05f502efa41c6639c2857b1668294b] WARN  c.e.demo.service.UserVectorService - User not found: 2039621206266257410
2026-05-15 00:14:59.857 [scheduling-1] [6a05f5034ca6dc28c2d3f1d0a966e558] WARN  c.e.demo.service.UserVectorService - User not found: 2039621206266257410
2026-05-15 00:15:00.874 [scheduling-1] [6a05f50492180607e4eef78ae5ae1374] WARN  c.e.demo.service.UserVectorService - User not found: 2039621206266257410
2026-05-15 00:15:01.883 [scheduling-1] [6a05f5054120743446b77a0d7ba5e830] WARN  c.e.demo.service.UserVectorService - User not found: 2039621206266257410
2026-05-15 00:15:02.893 [scheduling-1] [6a05f50661f03f84f39218c6c876a32e] WARN  c.e.demo.service.UserVectorService - User not found: 2039621206266257410
2026-05-15 00:15:03.903 [scheduling-1] [6a05f50701e4ead687f9264fd2094574] WARN  c.e.demo.service.UserVectorService - User not found: 2039621206266257410
2026-05-15 00:15:04.912 [scheduling-1] [6a05f50888e2dc465c1f80b6df8625b0] WARN  c.e.demo.service.UserVectorService - User not found: 2039621206266257410
2026-05-15 00:15:05.923 [scheduling-1] [6a05f509a1f47f03275e0874233577be] WARN  c.e.demo.service.UserVectorService - User not found: 2039621206266257410
2026-05-15 00:15:06.940 [scheduling-1] [6a05f50a09767d96ca948882abadae73] WARN  c.e.demo.service.UserVectorService - User not found: 2039621206266257410
2026-05-15 00:15:07.960 [scheduling-1] [6a05f50b40d9e03387c79b24a60e3153] WARN  c.e.demo.service.UserVectorService - User not found: 2039621206266257410
2026-05-15 00:15:08.970 [scheduling-1] [6a05f50ca51e9c8267f6d5043702c0cc] WARN  c.e.demo.service.UserVectorService - User not found: 2039621206266257410
2026-05-15 00:15:09.979 [scheduling-1] [6a05f50d399d348fa378ac56c2f2c1fc] WARN  c.e.demo.service.UserVectorService - User not found: 2039621206266257410
2026-05-15 00:15:10.988 [scheduling-1] [6a05f50e6323bad24ee1e09cf6fc51ba] WARN  c.e.demo.service.UserVectorService - User not found: 2039621206266257410
2026-05-15 00:15:11.998 [scheduling-1] [6a05f50fce9c53f5339d45cbfe13cb9f] WARN  c.e.demo.service.UserVectorService - User not found: 2039621206266257410
2026-05-15 00:15:13.008 [scheduling-1] [6a05f511536a09ffef58efb0e4f55a37] WARN  c.e.demo.service.UserVectorService - User not found: 2039621206266257410
2026-05-15 00:15:14.017 [scheduling-1] [6a05f51210e789d19caa204535af760c] WARN  c.e.demo.service.UserVectorService - User not found: 2039621206266257410
2026-05-15 00:15:15.031 [scheduling-1] [6a05f513eb960aeca519a966cb1ca2e7] WARN  c.e.demo.service.UserVectorService - User not found: 2039621206266257410
2026-05-15 00:15:16.038 [scheduling-1] [6a05f514fb3a8867cb11831946f6587e] WARN  c.e.demo.service.UserVectorService - User not found: 2039621206266257410
2026-05-15 00:15:17.043 [scheduling-1] [6a05f515d712ac7b0fb77588491a60bd] WARN  c.e.demo.service.UserVectorService - User not found: 2039621206266257410
2026-05-15 00:15:18.050 [scheduling-1] [6a05f516ac190a223a3f3da22d17bfb6] WARN  c.e.demo.service.UserVectorService - User not found: 2039621206266257410
2026-05-15 00:15:19.059 [scheduling-1] [6a05f517133c717b5b3d1f9f289b82a5] WARN  c.e.demo.service.UserVectorService - User not found: 2039621206266257410
2026-05-15 00:15:20.068 [scheduling-1] [6a05f5187713948b3d7ba5b009c2e321] WARN  c.e.demo.service.UserVectorService - User not found: 2039621206266257410
2026-05-15 00:15:21.071 [scheduling-1] [6a05f5193a7e404be9bc658152633208] WARN  c.e.demo.service.UserVectorService - User not found: 2039621206266257410
2026-05-15 00:15:22.080 [scheduling-1] [6a05f51aaba481d5a3a0e87f6e267690] WARN  c.e.demo.service.UserVectorService - User not found: 2039621206266257410
2026-05-15 00:15:23.092 [scheduling-1] [6a05f51b7684a2da003ebd46559f8064] WARN  c.e.demo.service.UserVectorService - User not found: 2039621206266257410
2026-05-15 00:15:24.099 [scheduling-1] [6a05f51c334087de4fd8a5e4be349860] WARN  c.e.demo.service.UserVectorService - User not found: 2039621206266257410
2026-05-15 00:15:25.110 [scheduling-1] [6a05f51d8e4b5b704fc1b810f2f52210] WARN  c.e.demo.service.UserVectorService - User not found: 2039621206266257410
2026-05-15 00:15:26.122 [scheduling-1] [6a05f51e20349b1fff5ef27e989781bc] WARN  c.e.demo.service.UserVectorService - User not found: 2039621206266257410
2026-05-15 00:15:27.129 [scheduling-1] [6a05f51ff0904f16660a0692c052d982] WARN  c.e.demo.service.UserVectorService - User not found: 2039621206266257410
2026-05-15 00:15:28.141 [scheduling-1] [6a05f520cca3346c05d49e4c466a0a12] WARN  c.e.demo.service.UserVectorService - User not found: 2039621206266257410
2026-05-15 00:15:29.151 [scheduling-1] [6a05f521b6adce59b17338480d75b904] WARN  c.e.demo.service.UserVectorService - User not found: 2039621206266257410
2026-05-15 00:15:30.158 [scheduling-1] [6a05f522d202a4d5a46bb647e27d3d25] WARN  c.e.demo.service.UserVectorService - User not found: 2039621206266257410
2026-05-15 00:15:31.170 [scheduling-1] [6a05f523a2147c14f0cc7925a60b6de3] WARN  c.e.demo.service.UserVectorService - User not found: 2039621206266257410
2026-05-15 00:15:32.178 [scheduling-1] [6a05f5242d8c19630831b3801c00543a] WARN  c.e.demo.service.UserVectorService - User not found: 2039621206266257410
2026-05-15 00:15:33.191 [scheduling-1] [6a05f525da235e3b474a2d76f8711fcf] WARN  c.e.demo.service.UserVectorService - User not found: 2039621206266257410
2026-05-15 00:15:34.200 [scheduling-1] [6a05f526e8a0a976155f2a2dee8405be] WARN  c.e.demo.service.UserVectorService - User not found: 2039621206266257410
2026-05-15 00:15:35.210 [scheduling-1] [6a05f5279fe39b9f5fe24121906b707a] WARN  c.e.demo.service.UserVectorService - User not found: 2039621206266257410
2026-05-15 00:15:36.220 [scheduling-1] [6a05f528eeae1cadf44e1c3dbaf05409] WARN  c.e.demo.service.UserVectorService - User not found: 2039621206266257410
2026-05-15 00:15:37.231 [scheduling-1] [6a05f529bf78b46f24620b6dca5fe72b] WARN  c.e.demo.service.UserVectorService - User not found: 2039621206266257410
2026-05-15 00:15:38.238 [scheduling-1] [6a05f52a79d46fd15a321af440995d5b] WARN  c.e.demo.service.UserVectorService - User not found: 2039621206266257410
2026-05-15 00:15:39.249 [scheduling-1] [6a05f52b0cb9cffad96392b0641053fa] WARN  c.e.demo.service.UserVectorService - User not found: 2039621206266257410
2026-05-15 00:15:40.260 [scheduling-1] [6a05f52c726d4091ccf0b3f51925aec8] WARN  c.e.demo.service.UserVectorService - User not found: 2039621206266257410
2026-05-15 00:15:41.271 [scheduling-1] [6a05f52d1873e03791439cf3aefe2456] WARN  c.e.demo.service.UserVectorService - User not found: 2039621206266257410
2026-05-15 00:15:42.279 [scheduling-1] [6a05f52e4f87f1154cf403259f6f9a8b] WARN  c.e.demo.service.UserVectorService - User not found: 2039621206266257410
2026-05-15 00:15:43.297 [scheduling-1] [6a05f52ff7186771c3de6f89ca04cb86] WARN  c.e.demo.service.UserVectorService - User not found: 2039621206266257410
2026-05-15 00:15:44.308 [scheduling-1] [6a05f530b6e35062565a2ec1b1381759] WARN  c.e.demo.service.UserVectorService - User not found: 2039621206266257410
2026-05-15 00:15:45.314 [scheduling-1] [6a05f531ce70d1e8d7ba1b09c6fcb364] WARN  c.e.demo.service.UserVectorService - User not found: 2039621206266257410
2026-05-15 00:15:46.327 [scheduling-1] [6a05f532ffab42b88e36364863414fe2] WARN  c.e.demo.service.UserVectorService - User not found: 2039621206266257410
2026-05-15 00:15:47.336 [scheduling-1] [6a05f53326f01472fee608d6a3cf53c8] WARN  c.e.demo.service.UserVectorService - User not found: 2039621206266257410
2026-05-15 00:15:48.344 [scheduling-1] [6a05f53454e676e45316260eb393fd5a] WARN  c.e.demo.service.UserVectorService - User not found: 2039621206266257410
2026-05-15 00:15:49.362 [scheduling-1] [6a05f5357c0cb94ea838e574a09edf5c] WARN  c.e.demo.service.UserVectorService - User not found: 2039621206266257410
2026-05-15 00:15:50.372 [scheduling-1] [6a05f536ac57bf4528907c3a8a6f65a6] WARN  c.e.demo.service.UserVectorService - User not found: 2039621206266257410
2026-05-15 00:15:51.385 [scheduling-1] [6a05f53755cd30ac11371331cf63dca3] WARN  c.e.demo.service.UserVectorService - User not found: 2039621206266257410
2026-05-15 00:15:52.393 [scheduling-1] [6a05f538ef6a67cfbaebd0a144e5493d] WARN  c.e.demo.service.UserVectorService - User not found: 2039621206266257410
2026-05-15 00:15:53.405 [scheduling-1] [6a05f539a6a988083aea1445b4a49f25] WARN  c.e.demo.service.UserVectorService - User not found: 2039621206266257410
2026-05-15 00:15:54.411 [scheduling-1] [6a05f53a8923483e5e4ae00f861cd61a] WARN  c.e.demo.service.UserVectorService - User not found: 2039621206266257410
2026-05-15 00:15:55.422 [scheduling-1] [6a05f53bea1668bc34232d9e083182ab] WARN  c.e.demo.service.UserVectorService - User not found: 2039621206266257410
2026-05-15 00:15:56.433 [scheduling-1] [6a05f53c13b748835e833b83f532a415] WARN  c.e.demo.service.UserVectorService - User not found: 2039621206266257410
2026-05-15 00:15:57.443 [scheduling-1] [6a05f53d4108fcb80c744edb95b61623] WARN  c.e.demo.service.UserVectorService - User not found: 2039621206266257410
2026-05-15 00:15:58.453 [scheduling-1] [6a05f53eaf3624646b44d1699554eccc] WARN  c.e.demo.service.UserVectorService - User not found: 2039621206266257410
2026-05-15 00:15:59.462 [scheduling-1] [6a05f53f7097eaa2afd4dfec99164e14] WARN  c.e.demo.service.UserVectorService - User not found: 2039621206266257410
2026-05-15 00:16:00.472 [scheduling-1] [6a05f5400dfce4616a3de41adcfb2f6d] WARN  c.e.demo.service.UserVectorService - User not found: 2039621206266257410
2026-05-15 00:16:01.485 [scheduling-1] [6a05f541086292a5ad92e8bde19b4df4] WARN  c.e.demo.service.UserVectorService - User not found: 2039621206266257410
2026-05-15 00:16:02.494 [scheduling-1] [6a05f5429aa441848065ff1b78e3b39c] WARN  c.e.demo.service.UserVectorService - User not found: 2039621206266257410
2026-05-15 00:16:03.502 [scheduling-1] [6a05f54308ed5217aec240d942ec8d11] WARN  c.e.demo.service.UserVectorService - User not found: 2039621206266257410
2026-05-15 00:16:04.510 [scheduling-1] [6a05f544c184f08d041d474c734b1b85] WARN  c.e.demo.service.UserVectorService - User not found: 2039621206266257410
2026-05-15 00:16:05.523 [scheduling-1] [6a05f545b1233063f2166b77bd41024f] WARN  c.e.demo.service.UserVectorService - User not found: 2039621206266257410
2026-05-15 00:16:06.531 [scheduling-1] [6a05f546b6d1962232973c40c34a974f] WARN  c.e.demo.service.UserVectorService - User not found: 2039621206266257410
2026-05-15 00:16:07.541 [scheduling-1] [6a05f5473974b2d5765e72adaf50a979] WARN  c.e.demo.service.UserVectorService - User not found: 2039621206266257410
2026-05-15 00:16:08.551 [scheduling-1] [6a05f548b80116ea432b04c6b2a62eef] WARN  c.e.demo.service.UserVectorService - User not found: 2039621206266257410
2026-05-15 00:16:09.562 [scheduling-1] [6a05f54917eeed83c19cf1bc229041d9] WARN  c.e.demo.service.UserVectorService - User not found: 2039621206266257410
2026-05-15 00:16:10.572 [scheduling-1] [6a05f54ac67bc60c986061a09abff08b] WARN  c.e.demo.service.UserVectorService - User not found: 2039621206266257410
2026-05-15 00:16:11.582 [scheduling-1] [6a05f54b19d07de22586a3c54184fc0c] WARN  c.e.demo.service.UserVectorService - User not found: 2039621206266257410
2026-05-15 00:16:12.600 [scheduling-1] [6a05f54c6d41e4ace1fe37188373951f] WARN  c.e.demo.service.UserVectorService - User not found: 2039621206266257410
2026-05-15 00:16:13.610 [scheduling-1] [6a05f54d1de02c3839d4c752bc64f7ae] WARN  c.e.demo.service.UserVectorService - User not found: 2039621206266257410
2026-05-15 00:16:14.617 [scheduling-1] [6a05f54e492a0a2fa5620e8ab23ac76c] WARN  c.e.demo.service.UserVectorService - User not found: 2039621206266257410
2026-05-15 00:16:15.630 [scheduling-1] [6a05f54fb0c0df1ea6fe72288cbdef87] WARN  c.e.demo.service.UserVectorService - User not found: 2039621206266257410
2026-05-15 00:16:16.639 [scheduling-1] [6a05f550678ac3348643f8f858a96237] WARN  c.e.demo.service.UserVectorService - User not found: 2039621206266257410
2026-05-15 00:16:17.650 [scheduling-1] [6a05f5510ed8a31598ba5f95b279d0e4] WARN  c.e.demo.service.UserVectorService - User not found: 2039621206266257410
2026-05-15 00:16:18.657 [scheduling-1] [6a05f5526691b36dc8cfa2637de16259] WARN  c.e.demo.service.UserVectorService - User not found: 2039621206266257410
2026-05-15 00:16:19.669 [scheduling-1] [6a05f553fbafe51d73ab2e07aae1602d] WARN  c.e.demo.service.UserVectorService - User not found: 2039621206266257410
2026-05-15 00:16:20.677 [scheduling-1] [6a05f554caccae87dd4c480aa9d4d3cc] WARN  c.e.demo.service.UserVectorService - User not found: 2039621206266257410
2026-05-15 00:16:21.696 [scheduling-1] [6a05f555f694f447a82cbf75f22a0f1b] WARN  c.e.demo.service.UserVectorService - User not found: 2039621206266257410
2026-05-15 00:16:22.705 [scheduling-1] [6a05f55659d2df02ab5589d4f33ac398] WARN  c.e.demo.service.UserVectorService - User not found: 2039621206266257410
2026-05-15 00:16:23.717 [scheduling-1] [6a05f5570d24e09d9c7d0956687b939c] WARN  c.e.demo.service.UserVectorService - User not found: 2039621206266257410
2026-05-15 00:16:24.727 [scheduling-1] [6a05f55861cd6f371a4199c570280631] WARN  c.e.demo.service.UserVectorService - User not found: 2039621206266257410
2026-05-15 00:16:25.737 [scheduling-1] [6a05f559da6cb8342d099ca4dd3e0ff4] WARN  c.e.demo.service.UserVectorService - User not found: 2039621206266257410
2026-05-15 00:16:26.745 [scheduling-1] [6a05f55a8f33d428622dcdbc80d33a35] WARN  c.e.demo.service.UserVectorService - User not found: 2039621206266257410
2026-05-15 00:16:27.755 [scheduling-1] [6a05f55b9006ddb30f651453e40de675] WARN  c.e.demo.service.UserVectorService - User not found: 2039621206266257410
2026-05-15 00:16:28.767 [scheduling-1] [6a05f55cfbc0da66326b19d9574836c9] WARN  c.e.demo.service.UserVectorService - User not found: 2039621206266257410
2026-05-15 00:16:29.776 [scheduling-1] [6a05f55d1e3bbfca2f4acef46444747b] WARN  c.e.demo.service.UserVectorService - User not found: 2039621206266257410
2026-05-15 00:16:30.784 [scheduling-1] [6a05f55eac6ae15d8b138e7af73de446] WARN  c.e.demo.service.UserVectorService - User not found: 2039621206266257410
2026-05-15 00:16:31.796 [scheduling-1] [6a05f55f3cd6f3199dc995b48dfe33e1] WARN  c.e.demo.service.UserVectorService - User not found: 2039621206266257410
2026-05-15 00:16:32.805 [scheduling-1] [6a05f5603773d747c7d09fcdb38c261b] WARN  c.e.demo.service.UserVectorService - User not found: 2039621206266257410
2026-05-15 00:16:33.813 [scheduling-1] [6a05f5615ed61b53826c1640588acb8f] WARN  c.e.demo.service.UserVectorService - User not found: 2039621206266257410
2026-05-15 00:16:34.825 [scheduling-1] [6a05f56201baa5b4f6c1da5651322695] WARN  c.e.demo.service.UserVectorService - User not found: 2039621206266257410
2026-05-15 00:16:35.832 [scheduling-1] [6a05f56363893b505aae2db0313f4cb4] WARN  c.e.demo.service.UserVectorService - User not found: 2039621206266257410
2026-05-15 00:16:36.846 [scheduling-1] [6a05f5640b9ad3393e9d0f221e07b136] WARN  c.e.demo.service.UserVectorService - User not found: 2039621206266257410
2026-05-15 00:16:37.855 [scheduling-1] [6a05f565a6b1057b26de00df95a127c6] WARN  c.e.demo.service.UserVectorService - User not found: 2039621206266257410
2026-05-15 00:16:38.871 [scheduling-1] [6a05f566f291b48f49e367cbfd475a32] WARN  c.e.demo.service.UserVectorService - User not found: 2039621206266257410
2026-05-15 00:16:39.881 [scheduling-1] [6a05f567f4afd5715a75a4ff8b607036] WARN  c.e.demo.service.UserVectorService - User not found: 2039621206266257410
2026-05-15 00:16:40.893 [scheduling-1] [6a05f5681479389a92c3270ebd1685d7] WARN  c.e.demo.service.UserVectorService - User not found: 2039621206266257410
2026-05-15 00:16:41.901 [scheduling-1] [6a05f569be74dc25b8cd00e67cd37674] WARN  c.e.demo.service.UserVectorService - User not found: 2039621206266257410
2026-05-15 00:16:42.913 [scheduling-1] [6a05f56ac58c7cd4cae4da42eacff01a] WARN  c.e.demo.service.UserVectorService - User not found: 2039621206266257410
2026-05-15 00:16:43.921 [scheduling-1] [6a05f56b102772d89ea1ecc3724e95fd] WARN  c.e.demo.service.UserVectorService - User not found: 2039621206266257410
2026-05-15 00:16:44.931 [scheduling-1] [6a05f56c740bc1685a635749693e8ece] WARN  c.e.demo.service.UserVectorService - User not found: 2039621206266257410
2026-05-15 00:16:45.950 [scheduling-1] [6a05f56d2ba0bfb6fe65980af0d88bdc] WARN  c.e.demo.service.UserVectorService - User not found: 2039621206266257410
2026-05-15 00:16:46.956 [scheduling-1] [6a05f56e9736daf5b24c88570b40d717] WARN  c.e.demo.service.UserVectorService - User not found: 2039621206266257410
2026-05-15 00:16:47.961 [scheduling-1] [6a05f56f8871313f5fabb087bbc2b09e] WARN  c.e.demo.service.UserVectorService - User not found: 2039621206266257410
2026-05-15 00:16:48.972 [scheduling-1] [6a05f57057111bbeaf98d2d908eb2608] WARN  c.e.demo.service.UserVectorService - User not found: 2039621206266257410
2026-05-15 00:16:49.978 [scheduling-1] [6a05f5719e8c6b8e338942bae0d33f19] WARN  c.e.demo.service.UserVectorService - User not found: 2039621206266257410
2026-05-15 00:16:50.990 [scheduling-1] [6a05f5727da5ca7ba8094c0d2e6eb6e8] WARN  c.e.demo.service.UserVectorService - User not found: 2039621206266257410
2026-05-15 00:16:52.002 [scheduling-1] [6a05f5737453d3c5602a9f8a4ed8a9ca] WARN  c.e.demo.service.UserVectorService - User not found: 2039621206266257410
2026-05-15 00:16:53.009 [scheduling-1] [6a05f5750575a457067434b46c050fcd] WARN  c.e.demo.service.UserVectorService - User not found: 2039621206266257410
2026-05-15 00:16:54.020 [scheduling-1] [6a05f57690ef6ba821aecc3afcf1829f] WARN  c.e.demo.service.UserVectorService - User not found: 2039621206266257410
2026-05-15 00:16:55.031 [scheduling-1] [6a05f57722b8a08ad871e5b4a4bd8346] WARN  c.e.demo.service.UserVectorService - User not found: 2039621206266257410
2026-05-15 00:16:56.038 [scheduling-1] [6a05f578b9b8384123c08c031b8fd77c] WARN  c.e.demo.service.UserVectorService - User not found: 2039621206266257410
2026-05-15 00:16:57.052 [scheduling-1] [6a05f57961b01fe677bf64a906124b49] WARN  c.e.demo.service.UserVectorService - User not found: 2039621206266257410
2026-05-15 00:16:58.063 [scheduling-1] [6a05f57a9d8ba1fe34f09ccd518bd170] WARN  c.e.demo.service.UserVectorService - User not found: 2039621206266257410
2026-05-15 00:16:59.071 [scheduling-1] [6a05f57b84d1e05378a77c5adb7e3ab4] WARN  c.e.demo.service.UserVectorService - User not found: 2039621206266257410
2026-05-15 00:17:00.080 [scheduling-1] [6a05f57c139ff11a15d50b43dce38aa5] WARN  c.e.demo.service.UserVectorService - User not found: 2039621206266257410
2026-05-15 00:17:01.090 [scheduling-1] [6a05f57d1d62b297d82e63ea5d321617] WARN  c.e.demo.service.UserVectorService - User not found: 2039621206266257410
2026-05-15 00:17:02.100 [scheduling-1] [6a05f57ebd1ea99703a287ac1c32e52a] WARN  c.e.demo.service.UserVectorService - User not found: 2039621206266257410
2026-05-15 00:17:03.108 [scheduling-1] [6a05f57f38a2b744e4bdc173e5c47ead] WARN  c.e.demo.service.UserVectorService - User not found: 2039621206266257410
2026-05-15 00:17:04.115 [scheduling-1] [6a05f580e81530e10641dfefd5d18466] WARN  c.e.demo.service.UserVectorService - User not found: 2039621206266257410
2026-05-15 00:17:05.122 [scheduling-1] [6a05f5819f5f3ab42ed303a8a33743ef] WARN  c.e.demo.service.UserVectorService - User not found: 2039621206266257410
2026-05-15 00:17:06.131 [scheduling-1] [6a05f582369ca657b28a6ccdbff4bdc2] WARN  c.e.demo.service.UserVectorService - User not found: 2039621206266257410
2026-05-15 00:17:07.139 [scheduling-1] [6a05f583aca3206dc6bbe4da074f5497] WARN  c.e.demo.service.UserVectorService - User not found: 2039621206266257410
2026-05-15 00:17:08.150 [scheduling-1] [6a05f58431c8671a4b3251add9f338ac] WARN  c.e.demo.service.UserVectorService - User not found: 2039621206266257410
2026-05-15 00:17:09.161 [scheduling-1] [6a05f5857cfcf94f480697a20c13a468] WARN  c.e.demo.service.UserVectorService - User not found: 2039621206266257410
2026-05-15 00:17:10.177 [scheduling-1] [6a05f5861b2603d60d4ec126d42ae7d3] WARN  c.e.demo.service.UserVectorService - User not found: 2039621206266257410
2026-05-15 00:17:11.187 [scheduling-1] [6a05f587351cc978ef573da979b59153] WARN  c.e.demo.service.UserVectorService - User not found: 2039621206266257410
2026-05-15 00:17:12.206 [scheduling-1] [6a05f588d159114ec63a9883dfc8b77d] WARN  c.e.demo.service.UserVectorService - User not found: 2039621206266257410
2026-05-15 00:17:13.216 [scheduling-1] [6a05f589199c54eea4179f3f92b6af57] WARN  c.e.demo.service.UserVectorService - User not found: 2039621206266257410
2026-05-15 00:17:14.226 [scheduling-1] [6a05f58a6c970c9758d5c87f3ec515a5] WARN  c.e.demo.service.UserVectorService - User not found: 2039621206266257410
2026-05-15 00:17:15.236 [scheduling-1] [6a05f58b3f5d4e2b413cf7bcc224c180] WARN  c.e.demo.service.UserVectorService - User not found: 2039621206266257410
2026-05-15 00:17:16.246 [scheduling-1] [6a05f58c9d66a212c7d1c4ebd2db4cc3] WARN  c.e.demo.service.UserVectorService - User not found: 2039621206266257410
2026-05-15 00:17:17.255 [scheduling-1] [6a05f58dd83153911ac699a7b3882c2f] WARN  c.e.demo.service.UserVectorService - User not found: 2039621206266257410
2026-05-15 00:17:18.267 [scheduling-1] [6a05f58e72f6d158baed531c74722d76] WARN  c.e.demo.service.UserVectorService - User not found: 2039621206266257410
2026-05-15 00:17:19.276 [scheduling-1] [6a05f58f2dccdc259339a37b442b6ea6] WARN  c.e.demo.service.UserVectorService - User not found: 2039621206266257410
2026-05-15 00:17:20.292 [scheduling-1] [6a05f5901385ab2543f715c6bbac6b65] WARN  c.e.demo.service.UserVectorService - User not found: 2039621206266257410
2026-05-15 00:17:21.310 [scheduling-1] [6a05f591b4d1144ee9cc913c1dcb32ee] WARN  c.e.demo.service.UserVectorService - User not found: 2039621206266257410
2026-05-15 00:17:22.323 [scheduling-1] [6a05f5924903f6f7238cd2882c5380c8] WARN  c.e.demo.service.UserVectorService - User not found: 2039621206266257410
2026-05-15 00:17:23.332 [scheduling-1] [6a05f593d59dac2d812bb9b3ce551656] WARN  c.e.demo.service.UserVectorService - User not found: 2039621206266257410
2026-05-15 00:17:24.342 [scheduling-1] [6a05f594daea1ea61225f4bdd553c637] WARN  c.e.demo.service.UserVectorService - User not found: 2039621206266257410
2026-05-15 00:17:25.350 [scheduling-1] [6a05f5950e37bf0b2a21a6189f2f74f0] WARN  c.e.demo.service.UserVectorService - User not found: 2039621206266257410
2026-05-15 00:17:26.360 [scheduling-1] [6a05f5966ee9e31136f12dfc83f141cc] WARN  c.e.demo.service.UserVectorService - User not found: 2039621206266257410
2026-05-15 00:17:27.372 [scheduling-1] [6a05f5977b89c18ad71e245ed81e0126] WARN  c.e.demo.service.UserVectorService - User not found: 2039621206266257410
2026-05-15 00:17:28.388 [scheduling-1] [6a05f598abe3ab66571b82d3988bd967] WARN  c.e.demo.service.UserVectorService - User not found: 2039621206266257410
2026-05-15 00:17:29.401 [scheduling-1] [6a05f59988976a571339e1374cf2603d] WARN  c.e.demo.service.UserVectorService - User not found: 2039621206266257410
2026-05-15 00:17:30.407 [scheduling-1] [6a05f59a8faf821b27c8bff0ec6aeb33] WARN  c.e.demo.service.UserVectorService - User not found: 2039621206266257410
2026-05-15 00:17:31.419 [scheduling-1] [6a05f59bbe8234223a970e01976dff38] WARN  c.e.demo.service.UserVectorService - User not found: 2039621206266257410
2026-05-15 00:17:32.429 [scheduling-1] [6a05f59c0366ee332bd787a1a9b4614f] WARN  c.e.demo.service.UserVectorService - User not found: 2039621206266257410
2026-05-15 00:17:32.706 [tomcat-handler-81] [6a05f58c48c5d3215a0d157761c7219f] INFO  c.e.demo.service.Impl.OssServiceImpl - [service:OssServiceImpl.uploadImage] 执行完成, 耗时: 16001ms
2026-05-15 00:17:33.440 [scheduling-1] [6a05f59db829d857ef121f7bef9205ba] WARN  c.e.demo.service.UserVectorService - User not found: 2039621206266257410
2026-05-15 00:17:34.448 [scheduling-1] [6a05f59e08559e0fa154aea6e190734c] WARN  c.e.demo.service.UserVectorService - User not found: 2039621206266257410
2026-05-15 00:17:35.455 [scheduling-1] [6a05f59f53cb1ac942eac8436f2dc43b] WARN  c.e.demo.service.UserVectorService - User not found: 2039621206266257410
2026-05-15 00:17:36.459 [scheduling-1] [6a05f5a06d50b95220a7c32257284347] WARN  c.e.demo.service.UserVectorService - User not found: 2039621206266257410
2026-05-15 00:17:37.479 [scheduling-1] [6a05f5a1ff170dfb5932267d7805e890] WARN  c.e.demo.service.UserVectorService - User not found: 2039621206266257410
2026-05-15 00:17:38.496 [scheduling-1] [6a05f5a229f72e8e7d8666630b492194] WARN  c.e.demo.service.UserVectorService - User not found: 2039621206266257410
2026-05-15 00:17:39.507 [scheduling-1] [6a05f5a3cb16a51740978dca7a563191] WARN  c.e.demo.service.UserVectorService - User not found: 2039621206266257410
2026-05-15 00:17:40.512 [scheduling-1] [6a05f5a4d700886f7996905bde851aa7] WARN  c.e.demo.service.UserVectorService - User not found: 2039621206266257410
2026-05-15 00:17:41.522 [scheduling-1] [6a05f5a5696381c20d0af8dc6ef000f6] WARN  c.e.demo.service.UserVectorService - User not found: 2039621206266257410
2026-05-15 00:17:42.537 [scheduling-1] [6a05f5a64d0093fb7acab55ed83d0a51] WARN  c.e.demo.service.UserVectorService - User not found: 2039621206266257410
2026-05-15 00:17:43.545 [scheduling-1] [6a05f5a7339597973a2decb284aa9704] WARN  c.e.demo.service.UserVectorService - User not found: 2039621206266257410
2026-05-15 00:17:44.563 [scheduling-1] [6a05f5a80b6eb26ec44651a1edd0b7b4] WARN  c.e.demo.service.UserVectorService - User not found: 2039621206266257410
2026-05-15 00:17:45.579 [scheduling-1] [6a05f5a9a4f1e7e9623aa8de10858a0a] WARN  c.e.demo.service.UserVectorService - User not found: 2039621206266257410
2026-05-15 00:17:46.586 [scheduling-1] [6a05f5aaa4d54534103c722908bd0208] WARN  c.e.demo.service.UserVectorService - User not found: 2039621206266257410
2026-05-15 00:17:47.592 [scheduling-1] [6a05f5abba1825f6b75b7e512aeb1717] WARN  c.e.demo.service.UserVectorService - User not found: 2039621206266257410
2026-05-15 00:17:48.603 [scheduling-1] [6a05f5ac15db74a02318d26e4985e34c] WARN  c.e.demo.service.UserVectorService - User not found: 2039621206266257410
2026-05-15 00:17:49.615 [scheduling-1] [6a05f5adc307902f4ecda729b4019c56] WARN  c.e.demo.service.UserVectorService - User not found: 2039621206266257410
2026-05-15 00:17:50.630 [scheduling-1] [6a05f5aea40d83335ed251b0a4c785fb] WARN  c.e.demo.service.UserVectorService - User not found: 2039621206266257410
2026-05-15 00:17:51.650 [scheduling-1] [6a05f5afb564815a883c6b7e0214adc0] WARN  c.e.demo.service.UserVectorService - User not found: 2039621206266257410
2026-05-15 00:17:52.659 [scheduling-1] [6a05f5b0d1963a3c431f347ba015e364] WARN  c.e.demo.service.UserVectorService - User not found: 2039621206266257410
2026-05-15 00:17:53.676 [scheduling-1] [6a05f5b1991207d61bc2b9f70d8c7373] WARN  c.e.demo.service.UserVectorService - User not found: 2039621206266257410
2026-05-15 00:17:54.687 [scheduling-1] [6a05f5b2c77470bb7088dfc832c7d6ae] WARN  c.e.demo.service.UserVectorService - User not found: 2039621206266257410
2026-05-15 00:17:55.708 [scheduling-1] [6a05f5b3df415b720c71fbc9f9cf2a88] WARN  c.e.demo.service.UserVectorService - User not found: 2039621206266257410
2026-05-15 00:17:56.725 [scheduling-1] [6a05f5b4bee9393a20c78b1052fcef51] WARN  c.e.demo.service.UserVectorService - User not found: 2039621206266257410
2026-05-15 00:17:57.740 [scheduling-1] [6a05f5b5a9e543607cffeaeb317a3db0] WARN  c.e.demo.service.UserVectorService - User not found: 2039621206266257410
2026-05-15 00:17:58.755 [scheduling-1] [6a05f5b6bb8397d1d2188142a34ee0c9] WARN  c.e.demo.service.UserVectorService - User not found: 2039621206266257410
2026-05-15 00:17:59.759 [scheduling-1] [6a05f5b7a5b2cad397bb38ec75eb7ca9] WARN  c.e.demo.service.UserVectorService - User not found: 2039621206266257410
2026-05-15 00:18:00.770 [scheduling-1] [6a05f5b8fdda5dc9ac1d51532d246a44] WARN  c.e.demo.service.UserVectorService - User not found: 2039621206266257410
2026-05-15 00:18:01.782 [scheduling-1] [6a05f5b97cc455223227770eaf1315cc] WARN  c.e.demo.service.UserVectorService - User not found: 2039621206266257410
2026-05-15 00:18:02.792 [scheduling-1] [6a05f5baef6995d9332b3aa116e1b34d] WARN  c.e.demo.service.UserVectorService - User not found: 2039621206266257410
2026-05-15 00:18:03.801 [scheduling-1] [6a05f5bb3c3d42bf543f41d10edfe366] WARN  c.e.demo.service.UserVectorService - User not found: 2039621206266257410
2026-05-15 00:18:04.809 [scheduling-1] [6a05f5bce9896858380ff9cd550fdca9] WARN  c.e.demo.service.UserVectorService - User not found: 2039621206266257410
2026-05-15 00:18:05.821 [scheduling-1] [6a05f5bd288f20941b383f03ce9ea405] WARN  c.e.demo.service.UserVectorService - User not found: 2039621206266257410
2026-05-15 00:18:06.830 [scheduling-1] [6a05f5bed1be3ae75e24885f6013c3a4] WARN  c.e.demo.service.UserVectorService - User not found: 2039621206266257410
2026-05-15 00:18:07.841 [scheduling-1] [6a05f5bf6756e16ee1797bc460efb765] WARN  c.e.demo.service.UserVectorService - User not found: 2039621206266257410
2026-05-15 00:18:08.850 [scheduling-1] [6a05f5c0ac40d18b7196955e16a00864] WARN  c.e.demo.service.UserVectorService - User not found: 2039621206266257410
2026-05-15 00:18:09.861 [scheduling-1] [6a05f5c155f4fd266a37f3dda2f00b98] WARN  c.e.demo.service.UserVectorService - User not found: 2039621206266257410
2026-05-15 00:18:10.880 [scheduling-1] [6a05f5c2bbb27515b5f56b3a2b36756b] WARN  c.e.demo.service.UserVectorService - User not found: 2039621206266257410
2026-05-15 00:18:11.890 [scheduling-1] [6a05f5c35bf48a70050a7dd13d5ea284] WARN  c.e.demo.service.UserVectorService - User not found: 2039621206266257410
2026-05-15 00:18:12.899 [scheduling-1] [6a05f5c44e902f475f07563f2af902e5] WARN  c.e.demo.service.UserVectorService - User not found: 2039621206266257410
2026-05-15 00:18:13.907 [scheduling-1] [6a05f5c503e391d06fa80ba6f7af430e] WARN  c.e.demo.service.UserVectorService - User not found: 2039621206266257410
2026-05-15 00:18:14.916 [scheduling-1] [6a05f5c642c4ab379de2d92ffaa47d98] WARN  c.e.demo.service.UserVectorService - User not found: 2039621206266257410
2026-05-15 00:18:15.928 [scheduling-1] [6a05f5c769b3b0d1b8c37bce8dec475e] WARN  c.e.demo.service.UserVectorService - User not found: 2039621206266257410
2026-05-15 00:18:16.939 [scheduling-1] [6a05f5c8257c47a6925d8814919b1c77] WARN  c.e.demo.service.UserVectorService - User not found: 2039621206266257410
2026-05-15 00:18:17.951 [scheduling-1] [6a05f5c9d56cf3a864c801055667fff5] WARN  c.e.demo.service.UserVectorService - User not found: 2039621206266257410
2026-05-15 00:18:18.959 [scheduling-1] [6a05f5ca86942db30394ac63ddbb693b] WARN  c.e.demo.service.UserVectorService - User not found: 2039621206266257410
2026-05-15 00:18:19.967 [scheduling-1] [6a05f5cb73cac801c0a2879e363de8fb] WARN  c.e.demo.service.UserVectorService - User not found: 2039621206266257410
2026-05-15 00:18:20.977 [scheduling-1] [6a05f5cc6730ff5b1318618ba9293c78] WARN  c.e.demo.service.UserVectorService - User not found: 2039621206266257410
2026-05-15 00:18:21.988 [scheduling-1] [6a05f5cd697c51a910b156bc731803c0] WARN  c.e.demo.service.UserVectorService - User not found: 2039621206266257410
2026-05-15 00:18:22.996 [scheduling-1] [6a05f5cedb7fbf1799c41e8cbcf1493e] WARN  c.e.demo.service.UserVectorService - User not found: 2039621206266257410
2026-05-15 00:18:24.009 [scheduling-1] [6a05f5d0bd18badc3babc6af7fe7bb56] WARN  c.e.demo.service.UserVectorService - User not found: 2039621206266257410
2026-05-15 00:18:25.017 [scheduling-1] [6a05f5d18043e788faf0920e7868e471] WARN  c.e.demo.service.UserVectorService - User not found: 2039621206266257410
2026-05-15 00:18:26.029 [scheduling-1] [6a05f5d2d99552fa5261a297d158be5a] WARN  c.e.demo.service.UserVectorService - User not found: 2039621206266257410
2026-05-15 00:18:27.037 [scheduling-1] [6a05f5d37696d55123d9ff9a31aa8cc5] WARN  c.e.demo.service.UserVectorService - User not found: 2039621206266257410
2026-05-15 00:18:28.044 [scheduling-1] [6a05f5d4fcf75ecb51b705978d689dcb] WARN  c.e.demo.service.UserVectorService - User not found: 2039621206266257410
2026-05-15 00:18:29.056 [scheduling-1] [6a05f5d594df79e56cd2a67b04be2aad] WARN  c.e.demo.service.UserVectorService - User not found: 2039621206266257410
2026-05-15 00:18:30.066 [scheduling-1] [6a05f5d6ef6a43f8d25c006907049615] WARN  c.e.demo.service.UserVectorService - User not found: 2039621206266257410
2026-05-15 00:18:31.076 [scheduling-1] [6a05f5d7dd7713f1953cfaa3c652292f] WARN  c.e.demo.service.UserVectorService - User not found: 2039621206266257410
2026-05-15 00:18:32.084 [scheduling-1] [6a05f5d8b980e168fbe64da88bbfac43] WARN  c.e.demo.service.UserVectorService - User not found: 2039621206266257410
2026-05-15 00:18:33.092 [scheduling-1] [6a05f5d9b4e54cdcd5125846fb792883] WARN  c.e.demo.service.UserVectorService - User not found: 2039621206266257410
2026-05-15 00:18:34.098 [scheduling-1] [6a05f5da733cf747309a49fce0402329] WARN  c.e.demo.service.UserVectorService - User not found: 2039621206266257410
2026-05-15 00:18:35.105 [scheduling-1] [6a05f5dbfa38aa7562551f8febe8fd36] WARN  c.e.demo.service.UserVectorService - User not found: 2039621206266257410
2026-05-15 00:18:36.115 [scheduling-1] [6a05f5dcee4aa50d96ea6293d4e9db8b] WARN  c.e.demo.service.UserVectorService - User not found: 2039621206266257410
2026-05-15 00:18:37.125 [scheduling-1] [6a05f5ddd522af6763273c3c364b19f2] WARN  c.e.demo.service.UserVectorService - User not found: 2039621206266257410
2026-05-15 00:18:38.137 [scheduling-1] [6a05f5dea3d4d2f78a3ebf066638d980] WARN  c.e.demo.service.UserVectorService - User not found: 2039621206266257410
2026-05-15 00:18:39.145 [scheduling-1] [6a05f5df5f21bb8fd920a2d1819a46b8] WARN  c.e.demo.service.UserVectorService - User not found: 2039621206266257410
2026-05-15 00:18:40.157 [scheduling-1] [6a05f5e055275906111afc12e5829871] WARN  c.e.demo.service.UserVectorService - User not found: 2039621206266257410
2026-05-15 00:18:41.167 [scheduling-1] [6a05f5e13c9cff4e08478c72fa50f3d6] WARN  c.e.demo.service.UserVectorService - User not found: 2039621206266257410
2026-05-15 00:18:42.174 [scheduling-1] [6a05f5e2620c2d7a187cf8dabceafd16] WARN  c.e.demo.service.UserVectorService - User not found: 2039621206266257410
2026-05-15 00:18:43.183 [scheduling-1] [6a05f5e399e668aa0b574534307d4270] WARN  c.e.demo.service.UserVectorService - User not found: 2039621206266257410
2026-05-15 00:18:44.196 [scheduling-1] [6a05f5e49e670457eb919bca1499fe2a] WARN  c.e.demo.service.UserVectorService - User not found: 2039621206266257410
2026-05-15 00:18:45.205 [scheduling-1] [6a05f5e5c341f1c3f04b0874b34bd2c3] WARN  c.e.demo.service.UserVectorService - User not found: 2039621206266257410
2026-05-15 00:18:46.217 [scheduling-1] [6a05f5e6d2f3353f3683cffcc8ab8958] WARN  c.e.demo.service.UserVectorService - User not found: 2039621206266257410
2026-05-15 00:18:47.226 [scheduling-1] [6a05f5e7f54c54c12b07c39a89fea311] WARN  c.e.demo.service.UserVectorService - User not found: 2039621206266257410
2026-05-15 00:18:48.235 [scheduling-1] [6a05f5e8b1211a28ae1e5987eda52b0b] WARN  c.e.demo.service.UserVectorService - User not found: 2039621206266257410
2026-05-15 00:18:49.245 [scheduling-1] [6a05f5e98e19dbaa9cd5dc5c5e736220] WARN  c.e.demo.service.UserVectorService - User not found: 2039621206266257410
2026-05-15 00:18:50.253 [scheduling-1] [6a05f5ea84988a2e77eb6469e53a34d5] WARN  c.e.demo.service.UserVectorService - User not found: 2039621206266257410
2026-05-15 00:18:51.265 [scheduling-1] [6a05f5eb8daa0b4d3ee6d957fd45ee78] WARN  c.e.demo.service.UserVectorService - User not found: 2039621206266257410
2026-05-15 00:18:52.283 [scheduling-1] [6a05f5ec0b07c42737d9da902dee5826] WARN  c.e.demo.service.UserVectorService - User not found: 2039621206266257410
2026-05-15 00:18:53.294 [scheduling-1] [6a05f5edcb401eb20409b901bd2f7899] WARN  c.e.demo.service.UserVectorService - User not found: 2039621206266257410
2026-05-15 00:18:54.304 [scheduling-1] [6a05f5ee46fedf1a31e0797ca354a941] WARN  c.e.demo.service.UserVectorService - User not found: 2039621206266257410
2026-05-15 00:18:55.313 [scheduling-1] [6a05f5efef8a66af085c7c0040bdb8c2] WARN  c.e.demo.service.UserVectorService - User not found: 2039621206266257410
2026-05-15 00:18:56.322 [scheduling-1] [6a05f5f0ecbb1f69b6124179c644ec90] WARN  c.e.demo.service.UserVectorService - User not found: 2039621206266257410
2026-05-15 00:18:57.332 [scheduling-1] [6a05f5f1a07cd4370e844cb84082818b] WARN  c.e.demo.service.UserVectorService - User not found: 2039621206266257410
2026-05-15 00:18:58.340 [scheduling-1] [6a05f5f256daff49e57a80f2b4c11949] WARN  c.e.demo.service.UserVectorService - User not found: 2039621206266257410
2026-05-15 00:18:59.352 [scheduling-1] [6a05f5f3dd37bd84b1f351788c4e1688] WARN  c.e.demo.service.UserVectorService - User not found: 2039621206266257410
2026-05-15 00:19:00.362 [scheduling-1] [6a05f5f489d4b047148c27b5c97f92ba] WARN  c.e.demo.service.UserVectorService - User not found: 2039621206266257410
2026-05-15 00:19:01.371 [scheduling-1] [6a05f5f559ce392a51834eb6060e3afc] WARN  c.e.demo.service.UserVectorService - User not found: 2039621206266257410
2026-05-15 00:19:02.379 [scheduling-1] [6a05f5f6306559b3e4ef79a4be3d247e] WARN  c.e.demo.service.UserVectorService - User not found: 2039621206266257410
2026-05-15 00:19:03.385 [scheduling-1] [6a05f5f760d20d9d6b9d9e5411745822] WARN  c.e.demo.service.UserVectorService - User not found: 2039621206266257410
2026-05-15 00:19:04.394 [scheduling-1] [6a05f5f89014dc3ae5103c66a17cecc7] WARN  c.e.demo.service.UserVectorService - User not found: 2039621206266257410
2026-05-15 00:19:05.412 [scheduling-1] [6a05f5f9d7dd58f0d05ffe25eda5fa92] WARN  c.e.demo.service.UserVectorService - User not found: 2039621206266257410
2026-05-15 00:19:05.999 [tomcat-handler-110] [6a05f5f9681cdacd3e3755d96d93c96f] INFO  c.example.demo.service.FriendService - [friend.pending] userId=313243131275382784, count=0, mappings=[]
2026-05-15 00:19:06.421 [scheduling-1] [6a05f5faf9e6492cee8b3235fae0531f] WARN  c.e.demo.service.UserVectorService - User not found: 2039621206266257410
2026-05-15 00:19:07.429 [scheduling-1] [6a05f5fb02a8e17d8df2daecf71a2d7a] WARN  c.e.demo.service.UserVectorService - User not found: 2039621206266257410
2026-05-15 00:19:08.442 [scheduling-1] [6a05f5fcca1fc5906ee2a039fe990fa9] WARN  c.e.demo.service.UserVectorService - User not found: 2039621206266257410
2026-05-15 00:19:09.452 [scheduling-1] [6a05f5fd4625241af1abbe63c34f9b80] WARN  c.e.demo.service.UserVectorService - User not found: 2039621206266257410
2026-05-15 00:19:10.461 [scheduling-1] [6a05f5fed9fb3976b5511e94c3054f4a] WARN  c.e.demo.service.UserVectorService - User not found: 2039621206266257410
2026-05-15 00:19:11.477 [scheduling-1] [6a05f5ff8105c8a35077956a04c90cc6] WARN  c.e.demo.service.UserVectorService - User not found: 2039621206266257410
2026-05-15 00:19:12.488 [scheduling-1] [6a05f600f65fe9c229b2e34f0dffa130] WARN  c.e.demo.service.UserVectorService - User not found: 2039621206266257410
2026-05-15 00:19:13.499 [scheduling-1] [6a05f60156704d6b6c61312faed69cf4] WARN  c.e.demo.service.UserVectorService - User not found: 2039621206266257410
2026-05-15 00:19:14.508 [scheduling-1] [6a05f602199287895b7069afe03981ab] WARN  c.e.demo.service.UserVectorService - User not found: 2039621206266257410
2026-05-15 00:19:15.517 [scheduling-1] [6a05f603b3dd1d81971bd052a0e7339d] WARN  c.e.demo.service.UserVectorService - User not found: 2039621206266257410
2026-05-15 00:19:16.527 [scheduling-1] [6a05f6045f0398bc3c58236507b8a6fe] WARN  c.e.demo.service.UserVectorService - User not found: 2039621206266257410
2026-05-15 00:19:17.545 [scheduling-1] [6a05f605bd2348fb656861ac2444f481] WARN  c.e.demo.service.UserVectorService - User not found: 2039621206266257410
2026-05-15 00:19:18.554 [scheduling-1] [6a05f6063683feaee35a679a7e839bd2] WARN  c.e.demo.service.UserVectorService - User not found: 2039621206266257410
2026-05-15 00:19:19.566 [scheduling-1] [6a05f6072c8f8dfec01e765de341e8d9] WARN  c.e.demo.service.UserVectorService - User not found: 2039621206266257410
2026-05-15 00:19:20.576 [scheduling-1] [6a05f6083cf9b5cf13ebb898a03c4811] WARN  c.e.demo.service.UserVectorService - User not found: 2039621206266257410
2026-05-15 00:19:21.586 [scheduling-1] [6a05f609743f0b2028569033c40292dd] WARN  c.e.demo.service.UserVectorService - User not found: 2039621206266257410
2026-05-15 00:19:22.595 [scheduling-1] [6a05f60abeb9d1b5a35e527f2ebe5316] WARN  c.e.demo.service.UserVectorService - User not found: 2039621206266257410
2026-05-15 00:19:23.614 [scheduling-1] [6a05f60b75af416ae499dde0fcaa22fd] WARN  c.e.demo.service.UserVectorService - User not found: 2039621206266257410
2026-05-15 00:19:24.634 [scheduling-1] [6a05f60c4edd8c557247f240096f40f6] WARN  c.e.demo.service.UserVectorService - User not found: 2039621206266257410
2026-05-15 00:19:25.642 [scheduling-1] [6a05f60d1ad1cd9b608cb1109e06b355] WARN  c.e.demo.service.UserVectorService - User not found: 2039621206266257410
2026-05-15 00:19:26.651 [scheduling-1] [6a05f60e36d2c82aec07ef1a365d7206] WARN  c.e.demo.service.UserVectorService - User not found: 2039621206266257410
2026-05-15 00:19:27.663 [scheduling-1] [6a05f60f7eb46453b2c90ba1c7513663] WARN  c.e.demo.service.UserVectorService - User not found: 2039621206266257410
2026-05-15 00:19:28.671 [scheduling-1] [6a05f6103a4f03375b24d1af2c304ecd] WARN  c.e.demo.service.UserVectorService - User not found: 2039621206266257410
2026-05-15 00:19:29.682 [scheduling-1] [6a05f611804bae6aa3ed914f2f222205] WARN  c.e.demo.service.UserVectorService - User not found: 2039621206266257410
2026-05-15 00:19:30.691 [scheduling-1] [6a05f6128652ab9be7e19c0962de6a6f] WARN  c.e.demo.service.UserVectorService - User not found: 2039621206266257410
2026-05-15 00:19:31.701 [scheduling-1] [6a05f6138f3710a18c459621bb0057cd] WARN  c.e.demo.service.UserVectorService - User not found: 2039621206266257410
2026-05-15 00:19:32.712 [scheduling-1] [6a05f614fea03652406e0aa4b4b3daef] WARN  c.e.demo.service.UserVectorService - User not found: 2039621206266257410
2026-05-15 00:19:33.719 [scheduling-1] [6a05f615f301c57db026ef8e78d90123] WARN  c.e.demo.service.UserVectorService - User not found: 2039621206266257410
2026-05-15 00:19:34.732 [scheduling-1] [6a05f616f0dfb3f13d7ec13b3d362ac5] WARN  c.e.demo.service.UserVectorService - User not found: 2039621206266257410
2026-05-15 00:19:35.750 [scheduling-1] [6a05f617c0bb7b05fcdc27c22f766c6e] WARN  c.e.demo.service.UserVectorService - User not found: 2039621206266257410
2026-05-15 00:19:36.759 [scheduling-1] [6a05f618cf91b6a341ab19ad6bbb7cbd] WARN  c.e.demo.service.UserVectorService - User not found: 2039621206266257410
2026-05-15 00:19:37.769 [scheduling-1] [6a05f6191806f0371f960eebbc5dde8b] WARN  c.e.demo.service.UserVectorService - User not found: 2039621206266257410
2026-05-15 00:19:38.779 [scheduling-1] [6a05f61a960793971e667a569ccb7011] WARN  c.e.demo.service.UserVectorService - User not found: 2039621206266257410
2026-05-15 00:19:39.788 [scheduling-1] [6a05f61b63c0e8763b81988159f40b2a] WARN  c.e.demo.service.UserVectorService - User not found: 2039621206266257410
2026-05-15 00:19:40.803 [scheduling-1] [6a05f61c1aa7f4f28cc86cb6ce23a3d8] WARN  c.e.demo.service.UserVectorService - User not found: 2039621206266257410
2026-05-15 00:19:41.823 [scheduling-1] [6a05f61d3e757473b9c8d82e1eeb36b5] WARN  c.e.demo.service.UserVectorService - User not found: 2039621206266257410
2026-05-15 00:19:42.827 [scheduling-1] [6a05f61e1a47047f29d2b15fcae110b3] WARN  c.e.demo.service.UserVectorService - User not found: 2039621206266257410
2026-05-15 00:19:43.836 [scheduling-1] [6a05f61f07de793d5de14d24d2cd4f57] WARN  c.e.demo.service.UserVectorService - User not found: 2039621206266257410
2026-05-15 00:19:44.850 [scheduling-1] [6a05f62044d483c39be50cfc97a86790] WARN  c.e.demo.service.UserVectorService - User not found: 2039621206266257410
2026-05-15 00:19:45.857 [scheduling-1] [6a05f621908b38292fa45dfef2dc6133] WARN  c.e.demo.service.UserVectorService - User not found: 2039621206266257410
2026-05-15 00:19:46.872 [scheduling-1] [6a05f622e0427d1e551a10bde917ea1f] WARN  c.e.demo.service.UserVectorService - User not found: 2039621206266257410
2026-05-15 00:19:47.890 [scheduling-1] [6a05f623ed33b6f46cb470aa8b7340b4] WARN  c.e.demo.service.UserVectorService - User not found: 2039621206266257410
2026-05-15 00:19:48.897 [scheduling-1] [6a05f6246c8926ffe199680e784064ca] WARN  c.e.demo.service.UserVectorService - User not found: 2039621206266257410
2026-05-15 00:19:49.904 [scheduling-1] [6a05f62551f1b1b9280c25370a06069d] WARN  c.e.demo.service.UserVectorService - User not found: 2039621206266257410
2026-05-15 00:19:50.913 [scheduling-1] [6a05f6262d1e43594566e9e10094cb8b] WARN  c.e.demo.service.UserVectorService - User not found: 2039621206266257410
2026-05-15 00:19:51.932 [scheduling-1] [6a05f627d09331dd44d50de24c3207df] WARN  c.e.demo.service.UserVectorService - User not found: 2039621206266257410
2026-05-15 00:19:52.940 [scheduling-1] [6a05f6283bbe3f4382806307f4d7c1ca] WARN  c.e.demo.service.UserVectorService - User not found: 2039621206266257410
2026-05-15 00:19:53.949 [scheduling-1] [6a05f62927878b83e3be70d32b8172db] WARN  c.e.demo.service.UserVectorService - User not found: 2039621206266257410
2026-05-15 00:19:54.960 [scheduling-1] [6a05f62a20c282b734e02d30f9c9f4c2] WARN  c.e.demo.service.UserVectorService - User not found: 2039621206266257410
2026-05-15 00:19:55.969 [scheduling-1] [6a05f62bfad5b5215285e5451d901b85] WARN  c.e.demo.service.UserVectorService - User not found: 2039621206266257410
2026-05-15 00:19:56.980 [scheduling-1] [6a05f62c824fd791918a3e619ba2281d] WARN  c.e.demo.service.UserVectorService - User not found: 2039621206266257410
2026-05-15 00:19:57.994 [scheduling-1] [6a05f62d61d43261d05a1e74aef96f90] WARN  c.e.demo.service.UserVectorService - User not found: 2039621206266257410
2026-05-15 00:19:58.998 [scheduling-1] [6a05f62e3c1781046d5f6d3304e9068a] WARN  c.e.demo.service.UserVectorService - User not found: 2039621206266257410
2026-05-15 00:20:00.008 [scheduling-1] [6a05f6305452f520e7745aef723a3b1d] WARN  c.e.demo.service.UserVectorService - User not found: 2039621206266257410
2026-05-15 00:20:01.014 [scheduling-1] [6a05f63143949bf781fadf1c14baa103] WARN  c.e.demo.service.UserVectorService - User not found: 2039621206266257410
2026-05-15 00:20:02.021 [scheduling-1] [6a05f632aedf051157bf9d1979ad10c5] WARN  c.e.demo.service.UserVectorService - User not found: 2039621206266257410
2026-05-15 00:20:03.032 [scheduling-1] [6a05f6330a23f9533155fd0af1a1f0ca] WARN  c.e.demo.service.UserVectorService - User not found: 2039621206266257410
2026-05-15 00:20:04.042 [scheduling-1] [6a05f6346441b1faf44aa3a54e59436f] WARN  c.e.demo.service.UserVectorService - User not found: 2039621206266257410
2026-05-15 00:20:05.049 [scheduling-1] [6a05f635392ec31f067c3094ea6be638] WARN  c.e.demo.service.UserVectorService - User not found: 2039621206266257410
2026-05-15 00:20:06.059 [scheduling-1] [6a05f6360f24e4674abfaa0388240f41] WARN  c.e.demo.service.UserVectorService - User not found: 2039621206266257410
2026-05-15 00:20:07.066 [scheduling-1] [6a05f6374dd260cd9fdba9af38724b0e] WARN  c.e.demo.service.UserVectorService - User not found: 2039621206266257410
2026-05-15 00:20:08.076 [scheduling-1] [6a05f638ec5b35ad994943067fc8f1a0] WARN  c.e.demo.service.UserVectorService - User not found: 2039621206266257410
2026-05-15 00:20:09.081 [scheduling-1] [6a05f639a36080d6fa0cb1b8b633afd2] WARN  c.e.demo.service.UserVectorService - User not found: 2039621206266257410
2026-05-15 00:20:10.094 [scheduling-1] [6a05f63ad107c21cc109f94ff3943ae2] WARN  c.e.demo.service.UserVectorService - User not found: 2039621206266257410
2026-05-15 00:20:11.103 [scheduling-1] [6a05f63b5df9883a0dd447ac5f3b6065] WARN  c.e.demo.service.UserVectorService - User not found: 2039621206266257410
2026-05-15 00:20:12.113 [scheduling-1] [6a05f63cba442470fd56a657a264ea8c] WARN  c.e.demo.service.UserVectorService - User not found: 2039621206266257410
2026-05-15 00:20:13.122 [scheduling-1] [6a05f63dbfd4a26ad458106e0387044a] WARN  c.e.demo.service.UserVectorService - User not found: 2039621206266257410
2026-05-15 00:20:14.131 [scheduling-1] [6a05f63eb3b25d7bf7d0b0dc2d7c75ab] WARN  c.e.demo.service.UserVectorService - User not found: 2039621206266257410
2026-05-15 00:20:15.142 [scheduling-1] [6a05f63fc00e150ce3b4c13ff2bef18b] WARN  c.e.demo.service.UserVectorService - User not found: 2039621206266257410
2026-05-15 00:20:16.151 [scheduling-1] [6a05f640eaec55243854837598c7fc80] WARN  c.e.demo.service.UserVectorService - User not found: 2039621206266257410
2026-05-15 00:20:17.162 [scheduling-1] [6a05f641f515f17d9bb3a8ff6da550b6] WARN  c.e.demo.service.UserVectorService - User not found: 2039621206266257410
2026-05-15 00:20:18.171 [scheduling-1] [6a05f642579669893c118d153702e970] WARN  c.e.demo.service.UserVectorService - User not found: 2039621206266257410
2026-05-15 00:20:19.181 [scheduling-1] [6a05f64390f65423f26f144b446cf813] WARN  c.e.demo.service.UserVectorService - User not found: 2039621206266257410
2026-05-15 00:20:20.192 [scheduling-1] [6a05f6447192a27b0ecc93be5850e3f2] WARN  c.e.demo.service.UserVectorService - User not found: 2039621206266257410
2026-05-15 00:20:21.203 [scheduling-1] [6a05f64514dfbb3097f1f8484b440e89] WARN  c.e.demo.service.UserVectorService - User not found: 2039621206266257410
2026-05-15 00:20:22.218 [scheduling-1] [6a05f6468bb8ec04552ee8957d80fa0b] WARN  c.e.demo.service.UserVectorService - User not found: 2039621206266257410
2026-05-15 00:20:23.230 [scheduling-1] [6a05f647974fc52344df5305b460da23] WARN  c.e.demo.service.UserVectorService - User not found: 2039621206266257410
2026-05-15 00:20:24.239 [scheduling-1] [6a05f648e85181cb5410101ea47eb6d6] WARN  c.e.demo.service.UserVectorService - User not found: 2039621206266257410
2026-05-15 00:20:25.258 [scheduling-1] [6a05f649e2f54fe70fb42fa95fe5c51b] WARN  c.e.demo.service.UserVectorService - User not found: 2039621206266257410
2026-05-15 00:20:26.265 [scheduling-1] [6a05f64a739d3f58da93a4104a0b67ff] WARN  c.e.demo.service.UserVectorService - User not found: 2039621206266257410
2026-05-15 00:20:27.278 [scheduling-1] [6a05f64b31a248e3499476d67932bafc] WARN  c.e.demo.service.UserVectorService - User not found: 2039621206266257410
2026-05-15 00:20:28.289 [scheduling-1] [6a05f64ca15ae60f99a516a03f86e62b] WARN  c.e.demo.service.UserVectorService - User not found: 2039621206266257410
2026-05-15 00:20:29.296 [scheduling-1] [6a05f64d2b8808373a87c7e22409e3f6] WARN  c.e.demo.service.UserVectorService - User not found: 2039621206266257410
2026-05-15 00:20:30.305 [scheduling-1] [6a05f64e3b314cf0daeec6aa1f278fad] WARN  c.e.demo.service.UserVectorService - User not found: 2039621206266257410
2026-05-15 00:20:31.315 [scheduling-1] [6a05f64f8be95007cbf5c130de7264a0] WARN  c.e.demo.service.UserVectorService - User not found: 2039621206266257410
2026-05-15 00:20:32.325 [scheduling-1] [6a05f6508d3e6f5e729853d797f07549] WARN  c.e.demo.service.UserVectorService - User not found: 2039621206266257410
2026-05-15 00:20:33.347 [scheduling-1] [6a05f651b03a36f740638bc4b84981b5] WARN  c.e.demo.service.UserVectorService - User not found: 2039621206266257410
2026-05-15 00:20:34.352 [scheduling-1] [6a05f65276fa675daa9acdc92dceb3a0] WARN  c.e.demo.service.UserVectorService - User not found: 2039621206266257410
2026-05-15 00:20:35.361 [scheduling-1] [6a05f6539d3facf80df1b22f4a42272f] WARN  c.e.demo.service.UserVectorService - User not found: 2039621206266257410
2026-05-15 00:20:36.381 [scheduling-1] [6a05f654be57616c201b8d7b9b469dbb] WARN  c.e.demo.service.UserVectorService - User not found: 2039621206266257410
2026-05-15 00:20:37.388 [scheduling-1] [6a05f6558a6b343963b8fcdfe58d055d] WARN  c.e.demo.service.UserVectorService - User not found: 2039621206266257410
2026-05-15 00:20:38.404 [scheduling-1] [6a05f6564f77708cf352ec2b41d81a97] WARN  c.e.demo.service.UserVectorService - User not found: 2039621206266257410
2026-05-15 00:20:39.421 [scheduling-1] [6a05f6574ad87743da896e6ea0322f7a] WARN  c.e.demo.service.UserVectorService - User not found: 2039621206266257410
2026-05-15 00:20:40.430 [scheduling-1] [6a05f658be1354893e6f9fd6ac425c2d] WARN  c.e.demo.service.UserVectorService - User not found: 2039621206266257410
2026-05-15 00:20:41.437 [scheduling-1] [6a05f659ae6a47ebb76aef860ac936f6] WARN  c.e.demo.service.UserVectorService - User not found: 2039621206266257410
2026-05-15 00:20:42.448 [scheduling-1] [6a05f65a3c9148a347f23dd29e972cd1] WARN  c.e.demo.service.UserVectorService - User not found: 2039621206266257410
2026-05-15 00:20:43.462 [scheduling-1] [6a05f65bf66a4782abe1df5557c60f12] WARN  c.e.demo.service.UserVectorService - User not found: 2039621206266257410
2026-05-15 00:20:44.484 [scheduling-1] [6a05f65c5f28a2d75cb728d12b5d7ae4] WARN  c.e.demo.service.UserVectorService - User not found: 2039621206266257410
2026-05-15 00:20:45.489 [scheduling-1] [6a05f65d9dde3a2383eb09d80aad6b62] WARN  c.e.demo.service.UserVectorService - User not found: 2039621206266257410
2026-05-15 00:20:46.498 [scheduling-1] [6a05f65efc7b6c2e2958095f2fef05e8] WARN  c.e.demo.service.UserVectorService - User not found: 2039621206266257410
2026-05-15 00:20:47.508 [scheduling-1] [6a05f65f690abae050aeac96baaca53d] WARN  c.e.demo.service.UserVectorService - User not found: 2039621206266257410
2026-05-15 00:20:48.518 [scheduling-1] [6a05f6603116babb086bb3970e8d07c1] WARN  c.e.demo.service.UserVectorService - User not found: 2039621206266257410
2026-05-15 00:20:49.527 [scheduling-1] [6a05f661405c0c2b109c22f0813e2958] WARN  c.e.demo.service.UserVectorService - User not found: 2039621206266257410
2026-05-15 00:20:50.535 [scheduling-1] [6a05f662027104d16726800cdf1a7649] WARN  c.e.demo.service.UserVectorService - User not found: 2039621206266257410
2026-05-15 00:20:51.545 [scheduling-1] [6a05f6638a6eab837206e0ef7f075edb] WARN  c.e.demo.service.UserVectorService - User not found: 2039621206266257410
2026-05-15 00:20:52.555 [scheduling-1] [6a05f664058854c95a4721e8edfb5a42] WARN  c.e.demo.service.UserVectorService - User not found: 2039621206266257410
2026-05-15 00:20:53.563 [scheduling-1] [6a05f6659496a180373c91d44893ed5a] WARN  c.e.demo.service.UserVectorService - User not found: 2039621206266257410
2026-05-15 00:20:54.568 [scheduling-1] [6a05f666b8ff6ced65381146b78a0348] WARN  c.e.demo.service.UserVectorService - User not found: 2039621206266257410
2026-05-15 00:20:55.584 [scheduling-1] [6a05f66709e7f9277f159a4087affe4a] WARN  c.e.demo.service.UserVectorService - User not found: 2039621206266257410
2026-05-15 00:20:56.597 [scheduling-1] [6a05f6687536cd0e12ea19374621da9b] WARN  c.e.demo.service.UserVectorService - User not found: 2039621206266257410
2026-05-15 00:20:57.604 [scheduling-1] [6a05f6693479044f649ae9067a447a35] WARN  c.e.demo.service.UserVectorService - User not found: 2039621206266257410
2026-05-15 00:20:58.617 [scheduling-1] [6a05f66a50393304106c196a427ab06d] WARN  c.e.demo.service.UserVectorService - User not found: 2039621206266257410
2026-05-15 00:20:59.632 [scheduling-1] [6a05f66b42b87e2cef96e4d58bda2712] WARN  c.e.demo.service.UserVectorService - User not found: 2039621206266257410
2026-05-15 00:21:00.644 [scheduling-1] [6a05f66c334954e5c313c9272e4fe91d] WARN  c.e.demo.service.UserVectorService - User not found: 2039621206266257410
2026-05-15 00:21:01.659 [scheduling-1] [6a05f66d217a6d910df436958173f3e8] WARN  c.e.demo.service.UserVectorService - User not found: 2039621206266257410
2026-05-15 00:21:02.667 [scheduling-1] [6a05f66e6db29e17fb5f74e1338a1522] WARN  c.e.demo.service.UserVectorService - User not found: 2039621206266257410
2026-05-15 00:21:03.675 [scheduling-1] [6a05f66f576d0ec145f0931ae940443a] WARN  c.e.demo.service.UserVectorService - User not found: 2039621206266257410
2026-05-15 00:21:04.684 [scheduling-1] [6a05f670fc4f6bddea22d8c08400437c] WARN  c.e.demo.service.UserVectorService - User not found: 2039621206266257410
2026-05-15 00:21:05.693 [scheduling-1] [6a05f6719654fa32ca8b20f7f3e23c78] WARN  c.e.demo.service.UserVectorService - User not found: 2039621206266257410
2026-05-15 00:21:06.702 [scheduling-1] [6a05f6725716e504234d9168fc725882] WARN  c.e.demo.service.UserVectorService - User not found: 2039621206266257410
2026-05-15 00:21:07.711 [scheduling-1] [6a05f673308bdfa6a289954dd425b78c] WARN  c.e.demo.service.UserVectorService - User not found: 2039621206266257410
2026-05-15 00:21:08.723 [scheduling-1] [6a05f674568c9f97b9b65494e71b00bf] WARN  c.e.demo.service.UserVectorService - User not found: 2039621206266257410
2026-05-15 00:21:09.731 [scheduling-1] [6a05f675044b2d080c15b3f83e22ede4] WARN  c.e.demo.service.UserVectorService - User not found: 2039621206266257410
2026-05-15 00:21:10.741 [scheduling-1] [6a05f6762b175afe9127399fb08e91e7] WARN  c.e.demo.service.UserVectorService - User not found: 2039621206266257410
2026-05-15 00:21:11.759 [scheduling-1] [6a05f677963dd8947c554f173d3cb2a3] WARN  c.e.demo.service.UserVectorService - User not found: 2039621206266257410
2026-05-15 00:21:12.768 [scheduling-1] [6a05f6783ddc7f744dbbdc5e49fb80d2] WARN  c.e.demo.service.UserVectorService - User not found: 2039621206266257410
2026-05-15 00:21:13.785 [scheduling-1] [6a05f6796605e46c8795de4938ae9bc9] WARN  c.e.demo.service.UserVectorService - User not found: 2039621206266257410
2026-05-15 00:21:14.788 [scheduling-1] [6a05f67a9e20009539da6d5b4297b894] WARN  c.e.demo.service.UserVectorService - User not found: 2039621206266257410
2026-05-15 00:21:15.808 [scheduling-1] [6a05f67bfce89ebf0bd4368822d97ce5] WARN  c.e.demo.service.UserVectorService - User not found: 2039621206266257410
2026-05-15 00:21:16.817 [scheduling-1] [6a05f67c08376438f4e9273bdb340b99] WARN  c.e.demo.service.UserVectorService - User not found: 2039621206266257410
2026-05-15 00:21:17.829 [scheduling-1] [6a05f67d0b3a20f6b10d2ccd2942b8ca] WARN  c.e.demo.service.UserVectorService - User not found: 2039621206266257410
2026-05-15 00:21:18.839 [scheduling-1] [6a05f67e6ad7cabf3de7aa04ac185564] WARN  c.e.demo.service.UserVectorService - User not found: 2039621206266257410
2026-05-15 00:21:19.847 [scheduling-1] [6a05f67fa7c8d6e5a27c5546b49f9c76] WARN  c.e.demo.service.UserVectorService - User not found: 2039621206266257410
2026-05-15 00:21:20.856 [scheduling-1] [6a05f680f4654d42f029cdac569f121e] WARN  c.e.demo.service.UserVectorService - User not found: 2039621206266257410
2026-05-15 00:21:21.866 [scheduling-1] [6a05f681dde193706310f13932852fa0] WARN  c.e.demo.service.UserVectorService - User not found: 2039621206266257410
2026-05-15 00:21:22.876 [scheduling-1] [6a05f6821522af7ad13a0d3ec53af3aa] WARN  c.e.demo.service.UserVectorService - User not found: 2039621206266257410
2026-05-15 00:21:23.888 [scheduling-1] [6a05f68387c293dc4623b924e7eb563e] WARN  c.e.demo.service.UserVectorService - User not found: 2039621206266257410
2026-05-15 00:21:24.897 [scheduling-1] [6a05f68420a409e45d1e4695e5d59568] WARN  c.e.demo.service.UserVectorService - User not found: 2039621206266257410
2026-05-15 00:21:25.918 [scheduling-1] [6a05f68527c0c97ef4cbc90a1ffef277] WARN  c.e.demo.service.UserVectorService - User not found: 2039621206266257410
2026-05-15 00:21:26.933 [scheduling-1] [6a05f68650e3e31a3e1f592584e88f24] WARN  c.e.demo.service.UserVectorService - User not found: 2039621206266257410
2026-05-15 00:21:27.944 [scheduling-1] [6a05f6875e6db0dc48dc926f4a53b5e1] WARN  c.e.demo.service.UserVectorService - User not found: 2039621206266257410
2026-05-15 00:21:28.952 [scheduling-1] [6a05f688f710f1da64165dfe06bcf9c8] WARN  c.e.demo.service.UserVectorService - User not found: 2039621206266257410
2026-05-15 00:21:29.961 [scheduling-1] [6a05f68956889af0b9c59a2867543df7] WARN  c.e.demo.service.UserVectorService - User not found: 2039621206266257410
2026-05-15 00:21:30.971 [scheduling-1] [6a05f68a72129da65a4dcd1592e6d7c9] WARN  c.e.demo.service.UserVectorService - User not found: 2039621206266257410
2026-05-15 00:21:31.991 [scheduling-1] [6a05f68b6e05bf0d686fd85acc2b5a2b] WARN  c.e.demo.service.UserVectorService - User not found: 2039621206266257410
2026-05-15 00:21:32.999 [scheduling-1] [6a05f68cb4bd637a38983508fe404272] WARN  c.e.demo.service.UserVectorService - User not found: 2039621206266257410
2026-05-15 00:21:34.011 [scheduling-1] [6a05f68e68ea0e784972b52db6234b44] WARN  c.e.demo.service.UserVectorService - User not found: 2039621206266257410
2026-05-15 00:21:35.018 [scheduling-1] [6a05f68f6097b3f6a05e39899d605364] WARN  c.e.demo.service.UserVectorService - User not found: 2039621206266257410
2026-05-15 00:21:36.030 [scheduling-1] [6a05f690d701b8e1359fae87b34aa7fc] WARN  c.e.demo.service.UserVectorService - User not found: 2039621206266257410
2026-05-15 00:21:37.040 [scheduling-1] [6a05f691f3c15d6b20db4f569acf5e00] WARN  c.e.demo.service.UserVectorService - User not found: 2039621206266257410
2026-05-15 00:21:38.054 [scheduling-1] [6a05f69279eeab1d78fcecce4b8a84ec] WARN  c.e.demo.service.UserVectorService - User not found: 2039621206266257410
2026-05-15 00:21:39.070 [scheduling-1] [6a05f693bba12a4e8873c88bae40ffa9] WARN  c.e.demo.service.UserVectorService - User not found: 2039621206266257410
2026-05-15 00:21:40.079 [scheduling-1] [6a05f694153896631177ce0648127f47] WARN  c.e.demo.service.UserVectorService - User not found: 2039621206266257410
2026-05-15 00:21:41.098 [scheduling-1] [6a05f69512db7f14bba0f4cc2df682a4] WARN  c.e.demo.service.UserVectorService - User not found: 2039621206266257410
2026-05-15 00:21:42.103 [scheduling-1] [6a05f696830ef7cc0b0344aeecea1f1d] WARN  c.e.demo.service.UserVectorService - User not found: 2039621206266257410
2026-05-15 00:21:43.109 [scheduling-1] [6a05f6971c0ea273caba4cca973b668e] WARN  c.e.demo.service.UserVectorService - User not found: 2039621206266257410
2026-05-15 00:21:44.115 [scheduling-1] [6a05f698b4d1129f383b41d3084fd2e8] WARN  c.e.demo.service.UserVectorService - User not found: 2039621206266257410
2026-05-15 00:21:45.126 [scheduling-1] [6a05f69928cc76ca06287f8b6c8d984e] WARN  c.e.demo.service.UserVectorService - User not found: 2039621206266257410
2026-05-15 00:21:46.142 [scheduling-1] [6a05f69af0145e90267bf8d2115db54d] WARN  c.e.demo.service.UserVectorService - User not found: 2039621206266257410
2026-05-15 00:21:47.155 [scheduling-1] [6a05f69bb6a1d0af668b1673eedacdb3] WARN  c.e.demo.service.UserVectorService - User not found: 2039621206266257410
2026-05-15 00:21:48.176 [scheduling-1] [6a05f69c6a1145071f5c70c27f0877aa] WARN  c.e.demo.service.UserVectorService - User not found: 2039621206266257410
2026-05-15 00:21:49.184 [scheduling-1] [6a05f69dea07fb83e26df8130c095339] WARN  c.e.demo.service.UserVectorService - User not found: 2039621206266257410
2026-05-15 00:21:50.203 [scheduling-1] [6a05f69edf37dc462cf2d945fdab3b25] WARN  c.e.demo.service.UserVectorService - User not found: 2039621206266257410
2026-05-15 00:21:51.210 [scheduling-1] [6a05f69f036c43f3159f011a1e5aa4c4] WARN  c.e.demo.service.UserVectorService - User not found: 2039621206266257410
2026-05-15 00:21:52.220 [scheduling-1] [6a05f6a04ab9837cef4f6773ba7d95ad] WARN  c.e.demo.service.UserVectorService - User not found: 2039621206266257410
2026-05-15 00:21:53.233 [scheduling-1] [6a05f6a150f58d3ec4e016cbc5a451c1] WARN  c.e.demo.service.UserVectorService - User not found: 2039621206266257410
2026-05-15 00:21:54.239 [scheduling-1] [6a05f6a20f88c56b753d22c72d0c05a4] WARN  c.e.demo.service.UserVectorService - User not found: 2039621206266257410
2026-05-15 00:21:55.250 [scheduling-1] [6a05f6a3530c5edfd10b69cd3a403d64] WARN  c.e.demo.service.UserVectorService - User not found: 2039621206266257410
2026-05-15 00:21:56.271 [scheduling-1] [6a05f6a424668a8ba1e788ac2bc926b4] WARN  c.e.demo.service.UserVectorService - User not found: 2039621206266257410
2026-05-15 00:21:57.288 [scheduling-1] [6a05f6a59fe4ef56cc30daee9fb8658a] WARN  c.e.demo.service.UserVectorService - User not found: 2039621206266257410
2026-05-15 00:21:57.296 [scheduling-1] [6a05f6a59fe4ef56cc30daee9fb8658a] INFO  c.e.demo.service.UserVectorService - Updated user vector in batch: userId=313243131275382784, appliedEvents=1
2026-05-15 00:21:58.313 [scheduling-1] [6a05f6a6592afb0a9e225983602c1c87] WARN  c.e.demo.service.UserVectorService - User not found: 2039621206266257410
2026-05-15 00:21:59.323 [scheduling-1] [6a05f6a7422136e99038fc125d6dfdbb] WARN  c.e.demo.service.UserVectorService - User not found: 2039621206266257410
2026-05-15 00:22:00.334 [scheduling-1] [6a05f6a8507d17009daaeaa6d88e5b4a] WARN  c.e.demo.service.UserVectorService - User not found: 2039621206266257410
2026-05-15 00:22:01.340 [scheduling-1] [6a05f6a9b793d893abeb421f912dd247] WARN  c.e.demo.service.UserVectorService - User not found: 2039621206266257410
2026-05-15 00:22:02.345 [scheduling-1] [6a05f6aa0983d7708377056108ded268] WARN  c.e.demo.service.UserVectorService - User not found: 2039621206266257410
2026-05-15 00:22:03.365 [scheduling-1] [6a05f6ab13371e6089cfea6ceb098336] WARN  c.e.demo.service.UserVectorService - User not found: 2039621206266257410
2026-05-15 00:22:04.370 [scheduling-1] [6a05f6acebaa6bcab0b959eb1ff49c4a] WARN  c.e.demo.service.UserVectorService - User not found: 2039621206266257410
2026-05-15 00:22:05.382 [scheduling-1] [6a05f6ad52aade14af533f2a5dcc4a7a] WARN  c.e.demo.service.UserVectorService - User not found: 2039621206266257410
2026-05-15 00:22:06.394 [scheduling-1] [6a05f6ae12d5f7f5741c966bc6ffee44] WARN  c.e.demo.service.UserVectorService - User not found: 2039621206266257410
2026-05-15 00:22:07.410 [scheduling-1] [6a05f6afbe495f16284fd2a114d15632] WARN  c.e.demo.service.UserVectorService - User not found: 2039621206266257410
2026-05-15 00:22:08.422 [scheduling-1] [6a05f6b061ed1e96c570da3dbfef2ed4] WARN  c.e.demo.service.UserVectorService - User not found: 2039621206266257410
2026-05-15 00:22:09.440 [scheduling-1] [6a05f6b105f1f561d7008ffe49a18752] WARN  c.e.demo.service.UserVectorService - User not found: 2039621206266257410
2026-05-15 00:22:10.452 [scheduling-1] [6a05f6b29b31659f464abf859cdd8858] WARN  c.e.demo.service.UserVectorService - User not found: 2039621206266257410
2026-05-15 00:22:11.457 [scheduling-1] [6a05f6b37a2e493eba5e007387357ec2] WARN  c.e.demo.service.UserVectorService - User not found: 2039621206266257410
2026-05-15 00:22:12.470 [scheduling-1] [6a05f6b4c5dcb8b4ae91ef204259135b] WARN  c.e.demo.service.UserVectorService - User not found: 2039621206266257410
2026-05-15 00:22:13.478 [scheduling-1] [6a05f6b5bfe66cdd8af4947cf1d6dc45] WARN  c.e.demo.service.UserVectorService - User not found: 2039621206266257410
2026-05-15 00:22:14.487 [scheduling-1] [6a05f6b67feb5247d5126bb21c388c1a] WARN  c.e.demo.service.UserVectorService - User not found: 2039621206266257410
2026-05-15 00:22:15.499 [scheduling-1] [6a05f6b7ddae9c7e80863a294de98c07] WARN  c.e.demo.service.UserVectorService - User not found: 2039621206266257410
2026-05-15 00:22:16.511 [scheduling-1] [6a05f6b8e20818cb300e2b0a8174808b] WARN  c.e.demo.service.UserVectorService - User not found: 2039621206266257410
2026-05-15 00:22:17.526 [scheduling-1] [6a05f6b9f46510e2744b01a32bb523f1] WARN  c.e.demo.service.UserVectorService - User not found: 2039621206266257410
2026-05-15 00:22:18.537 [scheduling-1] [6a05f6babfb321aabecf3384c867ba56] WARN  c.e.demo.service.UserVectorService - User not found: 2039621206266257410
2026-05-15 00:22:19.541 [scheduling-1] [6a05f6bb1601af58c7607a60850a5274] WARN  c.e.demo.service.UserVectorService - User not found: 2039621206266257410
2026-05-15 00:22:20.547 [scheduling-1] [6a05f6bcae0654f7cdad192058ed3379] WARN  c.e.demo.service.UserVectorService - User not found: 2039621206266257410
2026-05-15 00:22:21.556 [scheduling-1] [6a05f6bd4c6703b5b7ac8f3e81507139] WARN  c.e.demo.service.UserVectorService - User not found: 2039621206266257410
2026-05-15 00:22:22.566 [scheduling-1] [6a05f6bed7941f7f8c3739128ba8c464] WARN  c.e.demo.service.UserVectorService - User not found: 2039621206266257410
2026-05-15 00:22:23.575 [scheduling-1] [6a05f6bfcffd88ee19f885d2f56bc258] WARN  c.e.demo.service.UserVectorService - User not found: 2039621206266257410
2026-05-15 00:22:24.582 [scheduling-1] [6a05f6c0d7ac2d159d20009f2bf181c4] WARN  c.e.demo.service.UserVectorService - User not found: 2039621206266257410
2026-05-15 00:22:25.590 [scheduling-1] [6a05f6c1a8d9201a415a912280108973] WARN  c.e.demo.service.UserVectorService - User not found: 2039621206266257410
2026-05-15 00:22:26.597 [scheduling-1] [6a05f6c26208ec896eb1bf9be8e5e721] WARN  c.e.demo.service.UserVectorService - User not found: 2039621206266257410
2026-05-15 00:22:27.609 [scheduling-1] [6a05f6c3b82eccb5a63735bd81603f46] WARN  c.e.demo.service.UserVectorService - User not found: 2039621206266257410
2026-05-15 00:22:28.616 [scheduling-1] [6a05f6c4b6bd7a4417d0ac2101af0997] WARN  c.e.demo.service.UserVectorService - User not found: 2039621206266257410
2026-05-15 00:22:29.638 [scheduling-1] [6a05f6c55d5f8d91d72b3049fc688145] WARN  c.e.demo.service.UserVectorService - User not found: 2039621206266257410
2026-05-15 00:22:30.647 [scheduling-1] [6a05f6c6458daded907c6a3fe1deb27c] WARN  c.e.demo.service.UserVectorService - User not found: 2039621206266257410
2026-05-15 00:22:31.656 [scheduling-1] [6a05f6c71dd53c9260634e4ca6db3519] WARN  c.e.demo.service.UserVectorService - User not found: 2039621206266257410
2026-05-15 00:22:32.668 [scheduling-1] [6a05f6c8f562102476e01fbaa4edd6a0] WARN  c.e.demo.service.UserVectorService - User not found: 2039621206266257410
2026-05-15 00:22:33.678 [scheduling-1] [6a05f6c9b80ae95cbc6817c8c63c0d39] WARN  c.e.demo.service.UserVectorService - User not found: 2039621206266257410
2026-05-15 00:22:34.685 [scheduling-1] [6a05f6caffaf83ab53081a2ad13c5e92] WARN  c.e.demo.service.UserVectorService - User not found: 2039621206266257410
2026-05-15 00:22:35.689 [scheduling-1] [6a05f6cbb02d93a29d52e64278665ffd] WARN  c.e.demo.service.UserVectorService - User not found: 2039621206266257410
2026-05-15 00:22:36.696 [scheduling-1] [6a05f6cc3f30e5bd852e245cafa9d4ce] WARN  c.e.demo.service.UserVectorService - User not found: 2039621206266257410
2026-05-15 00:22:37.705 [scheduling-1] [6a05f6cda8feb12109626de1a24e392b] WARN  c.e.demo.service.UserVectorService - User not found: 2039621206266257410
2026-05-15 00:22:38.726 [scheduling-1] [6a05f6cee03730889a752573d5eabcbb] WARN  c.e.demo.service.UserVectorService - User not found: 2039621206266257410
2026-05-15 00:22:39.735 [scheduling-1] [6a05f6cffe203d3f5b05130cc6af4707] WARN  c.e.demo.service.UserVectorService - User not found: 2039621206266257410
2026-05-15 00:22:40.745 [scheduling-1] [6a05f6d08ef2ce9f19617dc075b26375] WARN  c.e.demo.service.UserVectorService - User not found: 2039621206266257410
2026-05-15 00:22:41.763 [scheduling-1] [6a05f6d141129b8edf7d27f83d031bcb] WARN  c.e.demo.service.UserVectorService - User not found: 2039621206266257410
2026-05-15 00:22:42.767 [scheduling-1] [6a05f6d2210d646f3dff6c205782faf9] WARN  c.e.demo.service.UserVectorService - User not found: 2039621206266257410
2026-05-15 00:22:43.775 [scheduling-1] [6a05f6d3ea5a8c8cf502589e8d6eae5e] WARN  c.e.demo.service.UserVectorService - User not found: 2039621206266257410
2026-05-15 00:22:44.783 [scheduling-1] [6a05f6d4ab06c674a1764438a8085aa8] WARN  c.e.demo.service.UserVectorService - User not found: 2039621206266257410
2026-05-15 00:22:45.803 [scheduling-1] [6a05f6d5f71b7dfc60085b689af6129f] WARN  c.e.demo.service.UserVectorService - User not found: 2039621206266257410
2026-05-15 00:22:46.812 [scheduling-1] [6a05f6d698cc39180abb96e45871ae3b] WARN  c.e.demo.service.UserVectorService - User not found: 2039621206266257410
2026-05-15 00:22:47.824 [scheduling-1] [6a05f6d7491f8742ce760c57630bb7b4] WARN  c.e.demo.service.UserVectorService - User not found: 2039621206266257410
2026-05-15 00:22:48.832 [scheduling-1] [6a05f6d8dbdea0e9dcfa1160c8b840de] WARN  c.e.demo.service.UserVectorService - User not found: 2039621206266257410
2026-05-15 00:22:49.852 [scheduling-1] [6a05f6d92bc136a60a39296a9310c71f] WARN  c.e.demo.service.UserVectorService - User not found: 2039621206266257410
2026-05-15 00:22:50.864 [scheduling-1] [6a05f6dafe5d4811b1f9983368e1a616] WARN  c.e.demo.service.UserVectorService - User not found: 2039621206266257410
2026-05-15 00:22:51.871 [scheduling-1] [6a05f6dba20dd5355b01753db9837e0b] WARN  c.e.demo.service.UserVectorService - User not found: 2039621206266257410
2026-05-15 00:22:52.880 [scheduling-1] [6a05f6dc9b4b681c25a0eddf6e2065d8] WARN  c.e.demo.service.UserVectorService - User not found: 2039621206266257410
2026-05-15 00:22:53.888 [scheduling-1] [6a05f6dd273824f307b3032d5d5dbdb1] WARN  c.e.demo.service.UserVectorService - User not found: 2039621206266257410
2026-05-15 00:22:54.898 [scheduling-1] [6a05f6de20b3c35fc649ab3c6f4c83f0] WARN  c.e.demo.service.UserVectorService - User not found: 2039621206266257410
2026-05-15 00:22:55.912 [scheduling-1] [6a05f6dfbe58cf3b75829ff86cc54085] WARN  c.e.demo.service.UserVectorService - User not found: 2039621206266257410
2026-05-15 00:22:56.917 [scheduling-1] [6a05f6e0d7adb18dc4c52feded480399] WARN  c.e.demo.service.UserVectorService - User not found: 2039621206266257410
2026-05-15 00:22:57.929 [scheduling-1] [6a05f6e11ee581e21ad8e124a141ffce] WARN  c.e.demo.service.UserVectorService - User not found: 2039621206266257410
2026-05-15 00:22:58.938 [scheduling-1] [6a05f6e2333a57de1b15ed690c1cdc26] WARN  c.e.demo.service.UserVectorService - User not found: 2039621206266257410
2026-05-15 00:22:59.949 [scheduling-1] [6a05f6e360612d0b69bbc21c9c9870d6] WARN  c.e.demo.service.UserVectorService - User not found: 2039621206266257410
2026-05-15 00:23:00.967 [scheduling-1] [6a05f6e430a8083a33fd794f4c52541b] WARN  c.e.demo.service.UserVectorService - User not found: 2039621206266257410
2026-05-15 00:23:01.977 [scheduling-1] [6a05f6e5d0dcf31af27ba1a5501536cf] WARN  c.e.demo.service.UserVectorService - User not found: 2039621206266257410
2026-05-15 00:23:02.989 [scheduling-1] [6a05f6e6afc399f4a3d5dc8c46d45c31] WARN  c.e.demo.service.UserVectorService - User not found: 2039621206266257410
2026-05-15 00:23:04.005 [scheduling-1] [6a05f6e80669eecba1719ca2ea4d07fc] WARN  c.e.demo.service.UserVectorService - User not found: 2039621206266257410
2026-05-15 00:23:05.018 [scheduling-1] [6a05f6e9b9b5e28620ab42c14bd805b2] WARN  c.e.demo.service.UserVectorService - User not found: 2039621206266257410
2026-05-15 00:23:06.026 [scheduling-1] [6a05f6ea9f9a5d93555c090df9ad8fe9] WARN  c.e.demo.service.UserVectorService - User not found: 2039621206266257410
2026-05-15 00:23:07.035 [scheduling-1] [6a05f6eb054b9e4fc4f0292948976a9f] WARN  c.e.demo.service.UserVectorService - User not found: 2039621206266257410
2026-05-15 00:23:08.044 [scheduling-1] [6a05f6ec7b9a1048eb42b8fd4dee9f91] WARN  c.e.demo.service.UserVectorService - User not found: 2039621206266257410
2026-05-15 00:23:09.054 [scheduling-1] [6a05f6ed9933dd8a70aabf4921839e3c] WARN  c.e.demo.service.UserVectorService - User not found: 2039621206266257410
2026-05-15 00:23:10.064 [scheduling-1] [6a05f6ee0857f368ed199a549f8fd7a5] WARN  c.e.demo.service.UserVectorService - User not found: 2039621206266257410
2026-05-15 00:23:11.076 [scheduling-1] [6a05f6ef7c8c23c5bbc5e32a92f52344] WARN  c.e.demo.service.UserVectorService - User not found: 2039621206266257410
2026-05-15 00:23:12.083 [scheduling-1] [6a05f6f0a8c4f9eb7382c053570d72b3] WARN  c.e.demo.service.UserVectorService - User not found: 2039621206266257410
2026-05-15 00:23:13.095 [scheduling-1] [6a05f6f16856720ae2e8ad7471b7c9af] WARN  c.e.demo.service.UserVectorService - User not found: 2039621206266257410
2026-05-15 00:23:14.024 [tomcat-handler-237] [6a05f6f219b30819900f64871bd7eeb9] WARN  c.example.demo.service.PushService - [push.a] personalized timeout/fail userId=313243131275382784, fallback=random, reason=java.util.concurrent.CompletionException: cn.dev33.satoken.exception.NotWebContextException: 非 web 上下文无法获取 HttpServletRequest
2026-05-15 00:23:14.025 [tomcat-handler-237] [6a05f6f219b30819900f64871bd7eeb9] INFO  c.example.demo.service.PushService - cache insufficient, lazy refill: push:posts:daily
2026-05-15 00:23:14.032 [tomcat-handler-237] [6a05f6f219b30819900f64871bd7eeb9] INFO  c.example.demo.service.PushService - fill cache push:posts:daily: 6 ids, cost=5ms
2026-05-15 00:23:14.033 [tomcat-handler-237] [6a05f6f219b30819900f64871bd7eeb9] INFO  c.example.demo.service.PushService - cache insufficient, lazy refill: push:posts:weekly
2026-05-15 00:23:14.041 [tomcat-handler-237] [6a05f6f219b30819900f64871bd7eeb9] INFO  c.example.demo.service.PushService - fill cache push:posts:weekly: 6 ids, cost=7ms
2026-05-15 00:23:14.046 [tomcat-handler-237] [6a05f6f219b30819900f64871bd7eeb9] INFO  c.example.demo.service.PushService - [push.a] done userId=313243131275382784, total=25ms, resultSize=6
2026-05-15 00:23:14.105 [scheduling-1] [6a05f6f2ec0289a2e604efcadab31a54] WARN  c.e.demo.service.UserVectorService - User not found: 2039621206266257410
2026-05-15 00:23:15.125 [scheduling-1] [6a05f6f362972e3342e0cb6262aa6b25] WARN  c.e.demo.service.UserVectorService - User not found: 2039621206266257410
2026-05-15 00:23:16.140 [scheduling-1] [6a05f6f42c6075f777d3d27976a30a38] WARN  c.e.demo.service.UserVectorService - User not found: 2039621206266257410
2026-05-15 00:23:17.154 [scheduling-1] [6a05f6f52fb5e76d9040c630a9d408c4] WARN  c.e.demo.service.UserVectorService - User not found: 2039621206266257410
2026-05-15 00:23:18.160 [scheduling-1] [6a05f6f665743f6408552caf656ad242] WARN  c.e.demo.service.UserVectorService - User not found: 2039621206266257410
2026-05-15 00:23:19.177 [scheduling-1] [6a05f6f739ac4b97c15782f0da03b3b5] WARN  c.e.demo.service.UserVectorService - User not found: 2039621206266257410
2026-05-15 00:23:20.192 [scheduling-1] [6a05f6f8d2549fbaa9b6edb444f7f16f] WARN  c.e.demo.service.UserVectorService - User not found: 2039621206266257410
2026-05-15 00:23:21.198 [scheduling-1] [6a05f6f98184e4887623099eb5cc94c4] WARN  c.e.demo.service.UserVectorService - User not found: 2039621206266257410
